# PROVISIONAL: f98 cube, n_H = 1653 A'; final cube pending
variant,self_gravity,phase_scheme,quantity,weighting,stat,value,units,definition
RAW,n/a,n/a,Sigma_gas,vol,median,4.805952072143555,Msun/pc^2,"Full-column (+-750pc) trapezoid of variant density, +-500pc square footprint, unweighted median"
RAW,n/a,n/a,Sigma_gas,vol,mean,6.907634570104137,Msun/pc^2,"Full-column (+-750pc) trapezoid of variant density, +-500pc square footprint, unweighted mean"
RAW,n/a,n/a,Sigma_gas,vol,p15,2.1940155029296875,Msun/pc^2,"Full-column (+-750pc) trapezoid of variant density, +-500pc square footprint, unweighted p15"
RAW,n/a,n/a,Sigma_gas,vol,p85,12.170259475708008,Msun/pc^2,"Full-column (+-750pc) trapezoid of variant density, +-500pc square footprint, unweighted p85"
RAW,n/a,dPdn,phase_fraction_CNM,vol,z0,0.022659593567998893,dimensionless,"Volume fraction of CNM, 0+-30pc slab, dPdn scheme"
RAW,n/a,dPdn,phase_fraction_CNM,mw,z0,0.2704319368013069,dimensionless,"Mass fraction of CNM, 0+-30pc slab, dPdn scheme"
RAW,n/a,dPdn,phase_fraction_UNM,vol,z0,0.176814357891647,dimensionless,"Volume fraction of UNM, 0+-30pc slab, dPdn scheme"
RAW,n/a,dPdn,phase_fraction_UNM,mw,z0,0.5065030555329005,dimensionless,"Mass fraction of UNM, 0+-30pc slab, dPdn scheme"
RAW,n/a,dPdn,phase_fraction_WNM,vol,z0,0.33689211622470083,dimensionless,"Volume fraction of WNM, 0+-30pc slab, dPdn scheme"
RAW,n/a,dPdn,phase_fraction_WNM,mw,z0,0.19156502221677527,dimensionless,"Mass fraction of WNM, 0+-30pc slab, dPdn scheme"
RAW,n/a,dPdn,phase_fraction_HIM,vol,z0,0.4636339323156533,dimensionless,"Volume fraction of HIM, 0+-30pc slab, dPdn scheme"
RAW,n/a,dPdn,phase_fraction_HIM,mw,z0,0.0314999854490176,dimensionless,"Mass fraction of HIM, 0+-30pc slab, dPdn scheme"
RAW,n/a,dPdn,phase_fraction_CNM,vol,z150,0.004054475557287974,dimensionless,"Volume fraction of CNM, 150+-30pc slab, dPdn scheme"
RAW,n/a,dPdn,phase_fraction_CNM,mw,z150,0.20557976165247102,dimensionless,"Mass fraction of CNM, 150+-30pc slab, dPdn scheme"
RAW,n/a,dPdn,phase_fraction_UNM,vol,z150,0.025260405722583548,dimensionless,"Volume fraction of UNM, 150+-30pc slab, dPdn scheme"
RAW,n/a,dPdn,phase_fraction_UNM,mw,z150,0.25705207744719766,dimensionless,"Mass fraction of UNM, 150+-30pc slab, dPdn scheme"
RAW,n/a,dPdn,phase_fraction_WNM,vol,z150,0.22663500505267234,dimensionless,"Volume fraction of WNM, 150+-30pc slab, dPdn scheme"
RAW,n/a,dPdn,phase_fraction_WNM,mw,z150,0.36940213789901155,dimensionless,"Mass fraction of WNM, 150+-30pc slab, dPdn scheme"
RAW,n/a,dPdn,phase_fraction_HIM,vol,z150,0.7440501136674561,dimensionless,"Volume fraction of HIM, 150+-30pc slab, dPdn scheme"
RAW,n/a,dPdn,phase_fraction_HIM,mw,z150,0.16796602300131977,dimensionless,"Mass fraction of HIM, 150+-30pc slab, dPdn scheme"
RAW,n/a,dPdn,phase_fraction_CNM,vol,z300,2.339021654071292e-05,dimensionless,"Volume fraction of CNM, 300+-30pc slab, dPdn scheme"
RAW,n/a,dPdn,phase_fraction_CNM,mw,z300,0.002326824286903026,dimensionless,"Mass fraction of CNM, 300+-30pc slab, dPdn scheme"
RAW,n/a,dPdn,phase_fraction_UNM,vol,z300,0.0053157480030602625,dimensionless,"Volume fraction of UNM, 300+-30pc slab, dPdn scheme"
RAW,n/a,dPdn,phase_fraction_UNM,mw,z300,0.12168509612519657,dimensionless,"Mass fraction of UNM, 300+-30pc slab, dPdn scheme"
RAW,n/a,dPdn,phase_fraction_WNM,vol,z300,0.12407224698115199,dimensionless,"Volume fraction of WNM, 300+-30pc slab, dPdn scheme"
RAW,n/a,dPdn,phase_fraction_WNM,mw,z300,0.41879410681469503,dimensionless,"Mass fraction of WNM, 300+-30pc slab, dPdn scheme"
RAW,n/a,dPdn,phase_fraction_HIM,vol,z300,0.8705886147992471,dimensionless,"Volume fraction of HIM, 300+-30pc slab, dPdn scheme"
RAW,n/a,dPdn,phase_fraction_HIM,mw,z300,0.4571939727732054,dimensionless,"Mass fraction of HIM, 300+-30pc slab, dPdn scheme"
RAW,n/a,dPdn,phase_fraction_CNM,vol,box,0.005819392419584899,dimensionless,"Volume fraction of CNM, STATS_BOX (|x|,|y|<=500, |z|<=400pc), dPdn scheme"
RAW,n/a,dPdn,phase_fraction_CNM,mw,box,0.2193936871741608,dimensionless,"Mass fraction of CNM, STATS_BOX (|x|,|y|<=500, |z|<=400pc), dPdn scheme"
RAW,n/a,dPdn,phase_fraction_UNM,vol,box,0.049595136783043885,dimensionless,"Volume fraction of UNM, STATS_BOX (|x|,|y|<=500, |z|<=400pc), dPdn scheme"
RAW,n/a,dPdn,phase_fraction_UNM,mw,box,0.3974636939672976,dimensionless,"Mass fraction of UNM, STATS_BOX (|x|,|y|<=500, |z|<=400pc), dPdn scheme"
RAW,n/a,dPdn,phase_fraction_WNM,vol,box,0.2381268493222464,dimensionless,"Volume fraction of WNM, STATS_BOX (|x|,|y|<=500, |z|<=400pc), dPdn scheme"
RAW,n/a,dPdn,phase_fraction_WNM,mw,box,0.27930649703754157,dimensionless,"Mass fraction of WNM, STATS_BOX (|x|,|y|<=500, |z|<=400pc), dPdn scheme"
RAW,n/a,dPdn,phase_fraction_HIM,vol,box,0.7064586214751248,dimensionless,"Volume fraction of HIM, STATS_BOX (|x|,|y|<=500, |z|<=400pc), dPdn scheme"
RAW,n/a,dPdn,phase_fraction_HIM,mw,box,0.10383612182099915,dimensionless,"Mass fraction of HIM, STATS_BOX (|x|,|y|<=500, |z|<=400pc), dPdn scheme"
RAW,n/a,temperature,phase_fraction_CNM,vol,z0,0.028287768034852966,dimensionless,"Volume fraction of CNM, 0+-30pc slab, temperature scheme"
RAW,n/a,temperature,phase_fraction_CNM,mw,z0,0.29698535928638353,dimensionless,"Mass fraction of CNM, 0+-30pc slab, temperature scheme"
RAW,n/a,temperature,phase_fraction_UNM,vol,z0,0.1648625998277092,dimensionless,"Volume fraction of UNM, 0+-30pc slab, temperature scheme"
RAW,n/a,temperature,phase_fraction_UNM,mw,z0,0.4716254569596577,dimensionless,"Mass fraction of UNM, 0+-30pc slab, temperature scheme"
RAW,n/a,temperature,phase_fraction_WNM,vol,z0,0.34321569982178457,dimensionless,"Volume fraction of WNM, 0+-30pc slab, temperature scheme"
RAW,n/a,temperature,phase_fraction_WNM,mw,z0,0.19988919830494142,dimensionless,"Mass fraction of WNM, 0+-30pc slab, temperature scheme"
RAW,n/a,temperature,phase_fraction_HIM,vol,z0,0.4636339323156533,dimensionless,"Volume fraction of HIM, 0+-30pc slab, temperature scheme"
RAW,n/a,temperature,phase_fraction_HIM,mw,z0,0.0314999854490176,dimensionless,"Mass fraction of HIM, 0+-30pc slab, temperature scheme"
RAW,n/a,temperature,phase_fraction_CNM,vol,z150,0.005146875780343248,dimensionless,"Volume fraction of CNM, 150+-30pc slab, temperature scheme"
RAW,n/a,temperature,phase_fraction_CNM,mw,z150,0.23295461138563175,dimensionless,"Mass fraction of CNM, 150+-30pc slab, temperature scheme"
RAW,n/a,temperature,phase_fraction_UNM,vol,z150,0.02287871620097645,dimensionless,"Volume fraction of UNM, 150+-30pc slab, temperature scheme"
RAW,n/a,temperature,phase_fraction_UNM,mw,z150,0.22285482579169416,dimensionless,"Mass fraction of UNM, 150+-30pc slab, temperature scheme"
RAW,n/a,temperature,phase_fraction_WNM,vol,z150,0.22792429435122416,dimensionless,"Volume fraction of WNM, 150+-30pc slab, temperature scheme"
RAW,n/a,temperature,phase_fraction_WNM,mw,z150,0.3762245398213543,dimensionless,"Mass fraction of WNM, 150+-30pc slab, temperature scheme"
RAW,n/a,temperature,phase_fraction_HIM,vol,z150,0.7440501136674561,dimensionless,"Volume fraction of HIM, 150+-30pc slab, temperature scheme"
RAW,n/a,temperature,phase_fraction_HIM,mw,z150,0.16796602300131977,dimensionless,"Mass fraction of HIM, 150+-30pc slab, temperature scheme"
RAW,n/a,temperature,phase_fraction_CNM,vol,z300,5.3591869766358723e-05,dimensionless,"Volume fraction of CNM, 300+-30pc slab, temperature scheme"
RAW,n/a,temperature,phase_fraction_CNM,mw,z300,0.004601780340795458,dimensionless,"Mass fraction of CNM, 300+-30pc slab, temperature scheme"
RAW,n/a,temperature,phase_fraction_UNM,vol,z300,0.004877759772451748,dimensionless,"Volume fraction of UNM, 300+-30pc slab, temperature scheme"
RAW,n/a,temperature,phase_fraction_UNM,mw,z300,0.11380589433082917,dimensionless,"Mass fraction of UNM, 300+-30pc slab, temperature scheme"
RAW,n/a,temperature,phase_fraction_WNM,vol,z300,0.12448003355853485,dimensionless,"Volume fraction of WNM, 300+-30pc slab, temperature scheme"
RAW,n/a,temperature,phase_fraction_WNM,mw,z300,0.42439835255517,dimensionless,"Mass fraction of WNM, 300+-30pc slab, temperature scheme"
RAW,n/a,temperature,phase_fraction_HIM,vol,z300,0.8705886147992471,dimensionless,"Volume fraction of HIM, 300+-30pc slab, temperature scheme"
RAW,n/a,temperature,phase_fraction_HIM,mw,z300,0.4571939727732054,dimensionless,"Mass fraction of HIM, 300+-30pc slab, temperature scheme"
RAW,n/a,temperature,phase_fraction_CNM,vol,box,0.007261468720142306,dimensionless,"Volume fraction of CNM, STATS_BOX (|x|,|y|<=500, |z|<=400pc), temperature scheme"
RAW,n/a,temperature,phase_fraction_CNM,mw,box,0.2419716602573382,dimensionless,"Mass fraction of CNM, STATS_BOX (|x|,|y|<=500, |z|<=400pc), temperature scheme"
RAW,n/a,temperature,phase_fraction_UNM,vol,box,0.046059100558371764,dimensionless,"Volume fraction of UNM, STATS_BOX (|x|,|y|<=500, |z|<=400pc), temperature scheme"
RAW,n/a,temperature,phase_fraction_UNM,mw,box,0.3669909157497579,dimensionless,"Mass fraction of UNM, STATS_BOX (|x|,|y|<=500, |z|<=400pc), temperature scheme"
RAW,n/a,temperature,phase_fraction_WNM,vol,box,0.2402208092463611,dimensionless,"Volume fraction of WNM, STATS_BOX (|x|,|y|<=500, |z|<=400pc), temperature scheme"
RAW,n/a,temperature,phase_fraction_WNM,mw,box,0.28720130217190387,dimensionless,"Mass fraction of WNM, STATS_BOX (|x|,|y|<=500, |z|<=400pc), temperature scheme"
RAW,n/a,temperature,phase_fraction_HIM,vol,box,0.7064586214751248,dimensionless,"Volume fraction of HIM, STATS_BOX (|x|,|y|<=500, |z|<=400pc), temperature scheme"
RAW,n/a,temperature,phase_fraction_HIM,mw,box,0.10383612182099915,dimensionless,"Mass fraction of HIM, STATS_BOX (|x|,|y|<=500, |z|<=400pc), temperature scheme"
RAW,off,n/a,Pth,vol,z0_median,2604.982421875,K cm^-3,"Pth median, vol-weighted, 0+-30pc slab, +-500pc square, neutral (non-HIM) cells"
RAW,off,n/a,Pth,vol,z0_mean,3051.327520309253,K cm^-3,"Pth mean, vol-weighted, 0+-30pc slab, +-500pc square, neutral (non-HIM) cells"
RAW,off,n/a,Pth,vol,z0_p15,1288.46923828125,K cm^-3,"Pth p15, vol-weighted, 0+-30pc slab, +-500pc square, neutral (non-HIM) cells"
RAW,off,n/a,Pth,vol,z0_p85,4876.56640625,K cm^-3,"Pth p85, vol-weighted, 0+-30pc slab, +-500pc square, neutral (non-HIM) cells"
RAW,off,n/a,Pth,mw,z0_median,2164.08251953125,K cm^-3,"Pth median, mw-weighted, 0+-30pc slab, +-500pc square, neutral (non-HIM) cells"
RAW,off,n/a,Pth,mw,z0_mean,2803.674502078496,K cm^-3,"Pth mean, mw-weighted, 0+-30pc slab, +-500pc square, neutral (non-HIM) cells"
RAW,off,n/a,Pth,mw,z0_p15,1081.4775390625,K cm^-3,"Pth p15, mw-weighted, 0+-30pc slab, +-500pc square, neutral (non-HIM) cells"
RAW,off,n/a,Pth,mw,z0_p85,4734.73974609375,K cm^-3,"Pth p85, mw-weighted, 0+-30pc slab, +-500pc square, neutral (non-HIM) cells"
RAW,off,n/a,Ptot,vol,z0_median,5174.85791015625,K cm^-3,"Ptot median, vol-weighted, 0+-30pc slab, +-500pc square, neutral (non-HIM) cells"
RAW,off,n/a,Ptot,vol,z0_mean,7107.14081539177,K cm^-3,"Ptot mean, vol-weighted, 0+-30pc slab, +-500pc square, neutral (non-HIM) cells"
RAW,off,n/a,Ptot,vol,z0_p15,3344.463623046875,K cm^-3,"Ptot p15, vol-weighted, 0+-30pc slab, +-500pc square, neutral (non-HIM) cells"
RAW,off,n/a,Ptot,vol,z0_p85,10475.275390625,K cm^-3,"Ptot p85, vol-weighted, 0+-30pc slab, +-500pc square, neutral (non-HIM) cells"
RAW,off,n/a,Ptot,mw,z0_median,6334.5185546875,K cm^-3,"Ptot median, mw-weighted, 0+-30pc slab, +-500pc square, neutral (non-HIM) cells"
RAW,off,n/a,Ptot,mw,z0_mean,8522.554905692143,K cm^-3,"Ptot mean, mw-weighted, 0+-30pc slab, +-500pc square, neutral (non-HIM) cells"
RAW,off,n/a,Ptot,mw,z0_p15,3920.24462890625,K cm^-3,"Ptot p15, mw-weighted, 0+-30pc slab, +-500pc square, neutral (non-HIM) cells"
RAW,off,n/a,Ptot,mw,z0_p85,12445.4248046875,K cm^-3,"Ptot p85, mw-weighted, 0+-30pc slab, +-500pc square, neutral (non-HIM) cells"
RAW,off,n/a,alpha,vol,z0_median,2.109815835952759,dimensionless,"alpha median, vol-weighted, 0+-30pc slab, +-500pc square, neutral (non-HIM) cells"
RAW,off,n/a,alpha,vol,z0_mean,3.3128040080861743,dimensionless,"alpha mean, vol-weighted, 0+-30pc slab, +-500pc square, neutral (non-HIM) cells"
RAW,off,n/a,alpha,vol,z0_p15,0.9557740688323975,dimensionless,"alpha p15, vol-weighted, 0+-30pc slab, +-500pc square, neutral (non-HIM) cells"
RAW,off,n/a,alpha,vol,z0_p85,5.348142147064209,dimensionless,"alpha p85, vol-weighted, 0+-30pc slab, +-500pc square, neutral (non-HIM) cells"
RAW,off,n/a,alpha,mw,z0_median,3.1872971057891846,dimensionless,"alpha median, mw-weighted, 0+-30pc slab, +-500pc square, neutral (non-HIM) cells"
RAW,off,n/a,alpha,mw,z0_mean,4.797228122854029,dimensionless,"alpha mean, mw-weighted, 0+-30pc slab, +-500pc square, neutral (non-HIM) cells"
RAW,off,n/a,alpha,mw,z0_p15,1.1204965114593506,dimensionless,"alpha p15, mw-weighted, 0+-30pc slab, +-500pc square, neutral (non-HIM) cells"
RAW,off,n/a,alpha,mw,z0_p85,7.555292129516602,dimensionless,"alpha p85, mw-weighted, 0+-30pc slab, +-500pc square, neutral (non-HIM) cells"
RAW,off,n/a,Pth,vol,z150_median,1457.40966796875,K cm^-3,"Pth median, vol-weighted, 150+-30pc slab, +-500pc square, neutral (non-HIM) cells"
RAW,off,n/a,Pth,vol,z150_mean,1820.5503794142996,K cm^-3,"Pth mean, vol-weighted, 150+-30pc slab, +-500pc square, neutral (non-HIM) cells"
RAW,off,n/a,Pth,vol,z150_p15,864.5088500976562,K cm^-3,"Pth p15, vol-weighted, 150+-30pc slab, +-500pc square, neutral (non-HIM) cells"
RAW,off,n/a,Pth,vol,z150_p85,3053.181640625,K cm^-3,"Pth p85, vol-weighted, 150+-30pc slab, +-500pc square, neutral (non-HIM) cells"
RAW,off,n/a,Pth,mw,z150_median,1412.6505126953125,K cm^-3,"Pth median, mw-weighted, 150+-30pc slab, +-500pc square, neutral (non-HIM) cells"
RAW,off,n/a,Pth,mw,z150_mean,1939.718750718285,K cm^-3,"Pth mean, mw-weighted, 150+-30pc slab, +-500pc square, neutral (non-HIM) cells"
RAW,off,n/a,Pth,mw,z150_p15,871.5074462890625,K cm^-3,"Pth p15, mw-weighted, 150+-30pc slab, +-500pc square, neutral (non-HIM) cells"
RAW,off,n/a,Pth,mw,z150_p85,3444.6416015625,K cm^-3,"Pth p85, mw-weighted, 150+-30pc slab, +-500pc square, neutral (non-HIM) cells"
RAW,off,n/a,Ptot,vol,z150_median,4103.05029296875,K cm^-3,"Ptot median, vol-weighted, 150+-30pc slab, +-500pc square, neutral (non-HIM) cells"
RAW,off,n/a,Ptot,vol,z150_mean,5073.184233115139,K cm^-3,"Ptot mean, vol-weighted, 150+-30pc slab, +-500pc square, neutral (non-HIM) cells"
RAW,off,n/a,Ptot,vol,z150_p15,2837.796142578125,K cm^-3,"Ptot p15, vol-weighted, 150+-30pc slab, +-500pc square, neutral (non-HIM) cells"
RAW,off,n/a,Ptot,vol,z150_p85,6634.7509765625,K cm^-3,"Ptot p85, vol-weighted, 150+-30pc slab, +-500pc square, neutral (non-HIM) cells"
RAW,off,n/a,Ptot,mw,z150_median,5906.44873046875,K cm^-3,"Ptot median, mw-weighted, 150+-30pc slab, +-500pc square, neutral (non-HIM) cells"
RAW,off,n/a,Ptot,mw,z150_mean,10532.1406871795,K cm^-3,"Ptot mean, mw-weighted, 150+-30pc slab, +-500pc square, neutral (non-HIM) cells"
RAW,off,n/a,Ptot,mw,z150_p15,3397.88623046875,K cm^-3,"Ptot p15, mw-weighted, 150+-30pc slab, +-500pc square, neutral (non-HIM) cells"
RAW,off,n/a,Ptot,mw,z150_p85,18058.703125,K cm^-3,"Ptot p85, mw-weighted, 150+-30pc slab, +-500pc square, neutral (non-HIM) cells"
RAW,off,n/a,alpha,vol,z150_median,2.760955810546875,dimensionless,"alpha median, vol-weighted, 150+-30pc slab, +-500pc square, neutral (non-HIM) cells"
RAW,off,n/a,alpha,vol,z150_mean,3.7615100340255485,dimensionless,"alpha mean, vol-weighted, 150+-30pc slab, +-500pc square, neutral (non-HIM) cells"
RAW,off,n/a,alpha,vol,z150_p15,1.3823022842407227,dimensionless,"alpha p15, vol-weighted, 150+-30pc slab, +-500pc square, neutral (non-HIM) cells"
RAW,off,n/a,alpha,vol,z150_p85,5.485862731933594,dimensionless,"alpha p85, vol-weighted, 150+-30pc slab, +-500pc square, neutral (non-HIM) cells"
RAW,off,n/a,alpha,mw,z150_median,3.622603178024292,dimensionless,"alpha median, mw-weighted, 150+-30pc slab, +-500pc square, neutral (non-HIM) cells"
RAW,off,n/a,alpha,mw,z150_mean,9.182016355242846,dimensionless,"alpha mean, mw-weighted, 150+-30pc slab, +-500pc square, neutral (non-HIM) cells"
RAW,off,n/a,alpha,mw,z150_p15,1.2880606651306152,dimensionless,"alpha p15, mw-weighted, 150+-30pc slab, +-500pc square, neutral (non-HIM) cells"
RAW,off,n/a,alpha,mw,z150_p85,19.26764488220215,dimensionless,"alpha p85, mw-weighted, 150+-30pc slab, +-500pc square, neutral (non-HIM) cells"
RAW,off,n/a,Pth,vol,z300_median,1128.3734130859375,K cm^-3,"Pth median, vol-weighted, 300+-30pc slab, +-500pc square, neutral (non-HIM) cells"
RAW,off,n/a,Pth,vol,z300_mean,1482.6995787174285,K cm^-3,"Pth mean, vol-weighted, 300+-30pc slab, +-500pc square, neutral (non-HIM) cells"
RAW,off,n/a,Pth,vol,z300_p15,724.2836303710938,K cm^-3,"Pth p15, vol-weighted, 300+-30pc slab, +-500pc square, neutral (non-HIM) cells"
RAW,off,n/a,Pth,vol,z300_p85,2441.12109375,K cm^-3,"Pth p85, vol-weighted, 300+-30pc slab, +-500pc square, neutral (non-HIM) cells"
RAW,off,n/a,Pth,mw,z300_median,1826.0386962890625,K cm^-3,"Pth median, mw-weighted, 300+-30pc slab, +-500pc square, neutral (non-HIM) cells"
RAW,off,n/a,Pth,mw,z300_mean,2132.072028435048,K cm^-3,"Pth mean, mw-weighted, 300+-30pc slab, +-500pc square, neutral (non-HIM) cells"
RAW,off,n/a,Pth,mw,z300_p15,948.414306640625,K cm^-3,"Pth p15, mw-weighted, 300+-30pc slab, +-500pc square, neutral (non-HIM) cells"
RAW,off,n/a,Pth,mw,z300_p85,3608.3740234375,K cm^-3,"Pth p85, mw-weighted, 300+-30pc slab, +-500pc square, neutral (non-HIM) cells"
RAW,off,n/a,Ptot,vol,z300_median,3026.256591796875,K cm^-3,"Ptot median, vol-weighted, 300+-30pc slab, +-500pc square, neutral (non-HIM) cells"
RAW,off,n/a,Ptot,vol,z300_mean,3407.558167471906,K cm^-3,"Ptot mean, vol-weighted, 300+-30pc slab, +-500pc square, neutral (non-HIM) cells"
RAW,off,n/a,Ptot,vol,z300_p15,2154.996826171875,K cm^-3,"Ptot p15, vol-weighted, 300+-30pc slab, +-500pc square, neutral (non-HIM) cells"
RAW,off,n/a,Ptot,vol,z300_p85,4559.822265625,K cm^-3,"Ptot p85, vol-weighted, 300+-30pc slab, +-500pc square, neutral (non-HIM) cells"
RAW,off,n/a,Ptot,mw,z300_median,3572.669921875,K cm^-3,"Ptot median, mw-weighted, 300+-30pc slab, +-500pc square, neutral (non-HIM) cells"
RAW,off,n/a,Ptot,mw,z300_mean,4278.134723194505,K cm^-3,"Ptot mean, mw-weighted, 300+-30pc slab, +-500pc square, neutral (non-HIM) cells"
RAW,off,n/a,Ptot,mw,z300_p15,2385.188232421875,K cm^-3,"Ptot p15, mw-weighted, 300+-30pc slab, +-500pc square, neutral (non-HIM) cells"
RAW,off,n/a,Ptot,mw,z300_p85,6318.2626953125,K cm^-3,"Ptot p85, mw-weighted, 300+-30pc slab, +-500pc square, neutral (non-HIM) cells"
RAW,off,n/a,alpha,vol,z300_median,2.5202443599700928,dimensionless,"alpha median, vol-weighted, 300+-30pc slab, +-500pc square, neutral (non-HIM) cells"
RAW,off,n/a,alpha,vol,z300_mean,2.9006534818066236,dimensionless,"alpha mean, vol-weighted, 300+-30pc slab, +-500pc square, neutral (non-HIM) cells"
RAW,off,n/a,alpha,vol,z300_p15,1.3741912841796875,dimensionless,"alpha p15, vol-weighted, 300+-30pc slab, +-500pc square, neutral (non-HIM) cells"
RAW,off,n/a,alpha,vol,z300_p85,4.4402079582214355,dimensionless,"alpha p85, vol-weighted, 300+-30pc slab, +-500pc square, neutral (non-HIM) cells"
RAW,off,n/a,alpha,mw,z300_median,2.0012309551239014,dimensionless,"alpha median, mw-weighted, 300+-30pc slab, +-500pc square, neutral (non-HIM) cells"
RAW,off,n/a,alpha,mw,z300_mean,2.5669111279882206,dimensionless,"alpha mean, mw-weighted, 300+-30pc slab, +-500pc square, neutral (non-HIM) cells"
RAW,off,n/a,alpha,mw,z300_p15,1.081511378288269,dimensionless,"alpha p15, mw-weighted, 300+-30pc slab, +-500pc square, neutral (non-HIM) cells"
RAW,off,n/a,alpha,mw,z300_p85,4.135287761688232,dimensionless,"alpha p85, mw-weighted, 300+-30pc slab, +-500pc square, neutral (non-HIM) cells"
RAW,off,n/a,Pth,vol,box_median,1764.2626953125,K cm^-3,"Pth median, vol-weighted, STATS_BOX (|x|,|y|<=500, |z|<=400pc), neutral (non-HIM) cells"
RAW,off,n/a,Pth,vol,box_mean,2249.9539798054475,K cm^-3,"Pth mean, vol-weighted, STATS_BOX (|x|,|y|<=500, |z|<=400pc), neutral (non-HIM) cells"
RAW,off,n/a,Pth,vol,box_p15,933.6459350585938,K cm^-3,"Pth p15, vol-weighted, STATS_BOX (|x|,|y|<=500, |z|<=400pc), neutral (non-HIM) cells"
RAW,off,n/a,Pth,vol,box_p85,3839.274658203125,K cm^-3,"Pth p85, vol-weighted, STATS_BOX (|x|,|y|<=500, |z|<=400pc), neutral (non-HIM) cells"
RAW,off,n/a,Pth,mw,box_median,1978.4345703125,K cm^-3,"Pth median, mw-weighted, STATS_BOX (|x|,|y|<=500, |z|<=400pc), neutral (non-HIM) cells"
RAW,off,n/a,Pth,mw,box_mean,2552.2493051731876,K cm^-3,"Pth mean, mw-weighted, STATS_BOX (|x|,|y|<=500, |z|<=400pc), neutral (non-HIM) cells"
RAW,off,n/a,Pth,mw,box_p15,1056.1085205078125,K cm^-3,"Pth p15, mw-weighted, STATS_BOX (|x|,|y|<=500, |z|<=400pc), neutral (non-HIM) cells"
RAW,off,n/a,Pth,mw,box_p85,4293.751953125,K cm^-3,"Pth p85, mw-weighted, STATS_BOX (|x|,|y|<=500, |z|<=400pc), neutral (non-HIM) cells"
RAW,off,n/a,Ptot,vol,box_median,4047.789306640625,K cm^-3,"Ptot median, vol-weighted, STATS_BOX (|x|,|y|<=500, |z|<=400pc), neutral (non-HIM) cells"
RAW,off,n/a,Ptot,vol,box_mean,5685.178778135446,K cm^-3,"Ptot mean, vol-weighted, STATS_BOX (|x|,|y|<=500, |z|<=400pc), neutral (non-HIM) cells"
RAW,off,n/a,Ptot,vol,box_p15,2627.600341796875,K cm^-3,"Ptot p15, vol-weighted, STATS_BOX (|x|,|y|<=500, |z|<=400pc), neutral (non-HIM) cells"
RAW,off,n/a,Ptot,vol,box_p85,8197.59375,K cm^-3,"Ptot p85, vol-weighted, STATS_BOX (|x|,|y|<=500, |z|<=400pc), neutral (non-HIM) cells"
RAW,off,n/a,Ptot,mw,box_median,6400.3720703125,K cm^-3,"Ptot median, mw-weighted, STATS_BOX (|x|,|y|<=500, |z|<=400pc), neutral (non-HIM) cells"
RAW,off,n/a,Ptot,mw,box_mean,9587.08314527456,K cm^-3,"Ptot mean, mw-weighted, STATS_BOX (|x|,|y|<=500, |z|<=400pc), neutral (non-HIM) cells"
RAW,off,n/a,Ptot,mw,box_p15,3559.044189453125,K cm^-3,"Ptot p15, mw-weighted, STATS_BOX (|x|,|y|<=500, |z|<=400pc), neutral (non-HIM) cells"
RAW,off,n/a,Ptot,mw,box_p85,15484.880859375,K cm^-3,"Ptot p85, mw-weighted, STATS_BOX (|x|,|y|<=500, |z|<=400pc), neutral (non-HIM) cells"
RAW,off,n/a,alpha,vol,box_median,2.4028234481811523,dimensionless,"alpha median, vol-weighted, STATS_BOX (|x|,|y|<=500, |z|<=400pc), neutral (non-HIM) cells"
RAW,off,n/a,alpha,vol,box_mean,3.3080614233718073,dimensionless,"alpha mean, vol-weighted, STATS_BOX (|x|,|y|<=500, |z|<=400pc), neutral (non-HIM) cells"
RAW,off,n/a,alpha,vol,box_p15,1.1687687635421753,dimensionless,"alpha p15, vol-weighted, STATS_BOX (|x|,|y|<=500, |z|<=400pc), neutral (non-HIM) cells"
RAW,off,n/a,alpha,vol,box_p85,4.892830848693848,dimensionless,"alpha p85, vol-weighted, STATS_BOX (|x|,|y|<=500, |z|<=400pc), neutral (non-HIM) cells"
RAW,off,n/a,alpha,mw,box_median,3.30007266998291,dimensionless,"alpha median, mw-weighted, STATS_BOX (|x|,|y|<=500, |z|<=400pc), neutral (non-HIM) cells"
RAW,off,n/a,alpha,mw,box_mean,5.80602271695182,dimensionless,"alpha mean, mw-weighted, STATS_BOX (|x|,|y|<=500, |z|<=400pc), neutral (non-HIM) cells"
RAW,off,n/a,alpha,mw,box_p15,1.1657826900482178,dimensionless,"alpha p15, mw-weighted, STATS_BOX (|x|,|y|<=500, |z|<=400pc), neutral (non-HIM) cells"
RAW,off,n/a,alpha,mw,box_p85,9.886520385742188,dimensionless,"alpha p85, mw-weighted, STATS_BOX (|x|,|y|<=500, |z|<=400pc), neutral (non-HIM) cells"
RAW,off,n/a,Mach,vol,midplane,2.6124335201949442,dimensionless,"Mach number at the z=0 plane, from volume-weighted mean alpha, neutral cells"
RAW,off,n/a,sigma_eff,vol,midplane,15.30037177025416,km/s,"Effective turbulent velocity dispersion at the z=0 plane, neutral cells, all neutral phases"
RAW,mean,n/a,Pth,vol,z0_median,2604.982421875,K cm^-3,"Pth median, vol-weighted, 0+-30pc slab, +-500pc square, neutral (non-HIM) cells"
RAW,mean,n/a,Pth,vol,z0_mean,3051.327520309253,K cm^-3,"Pth mean, vol-weighted, 0+-30pc slab, +-500pc square, neutral (non-HIM) cells"
RAW,mean,n/a,Pth,vol,z0_p15,1288.46923828125,K cm^-3,"Pth p15, vol-weighted, 0+-30pc slab, +-500pc square, neutral (non-HIM) cells"
RAW,mean,n/a,Pth,vol,z0_p85,4876.56640625,K cm^-3,"Pth p85, vol-weighted, 0+-30pc slab, +-500pc square, neutral (non-HIM) cells"
RAW,mean,n/a,Pth,mw,z0_median,2164.08251953125,K cm^-3,"Pth median, mw-weighted, 0+-30pc slab, +-500pc square, neutral (non-HIM) cells"
RAW,mean,n/a,Pth,mw,z0_mean,2803.674502078496,K cm^-3,"Pth mean, mw-weighted, 0+-30pc slab, +-500pc square, neutral (non-HIM) cells"
RAW,mean,n/a,Pth,mw,z0_p15,1081.4775390625,K cm^-3,"Pth p15, mw-weighted, 0+-30pc slab, +-500pc square, neutral (non-HIM) cells"
RAW,mean,n/a,Pth,mw,z0_p85,4734.73974609375,K cm^-3,"Pth p85, mw-weighted, 0+-30pc slab, +-500pc square, neutral (non-HIM) cells"
RAW,mean,n/a,Ptot,vol,z0_median,6457.548828125,K cm^-3,"Ptot median, vol-weighted, 0+-30pc slab, +-500pc square, neutral (non-HIM) cells"
RAW,mean,n/a,Ptot,vol,z0_mean,8994.750897607904,K cm^-3,"Ptot mean, vol-weighted, 0+-30pc slab, +-500pc square, neutral (non-HIM) cells"
RAW,mean,n/a,Ptot,vol,z0_p15,4068.6806640625,K cm^-3,"Ptot p15, vol-weighted, 0+-30pc slab, +-500pc square, neutral (non-HIM) cells"
RAW,mean,n/a,Ptot,vol,z0_p85,13438.587890625,K cm^-3,"Ptot p85, vol-weighted, 0+-30pc slab, +-500pc square, neutral (non-HIM) cells"
RAW,mean,n/a,Ptot,mw,z0_median,8085.03076171875,K cm^-3,"Ptot median, mw-weighted, 0+-30pc slab, +-500pc square, neutral (non-HIM) cells"
RAW,mean,n/a,Ptot,mw,z0_mean,10986.165052739423,K cm^-3,"Ptot mean, mw-weighted, 0+-30pc slab, +-500pc square, neutral (non-HIM) cells"
RAW,mean,n/a,Ptot,mw,z0_p15,4866.52294921875,K cm^-3,"Ptot p15, mw-weighted, 0+-30pc slab, +-500pc square, neutral (non-HIM) cells"
RAW,mean,n/a,Ptot,mw,z0_p85,16297.0830078125,K cm^-3,"Ptot p85, mw-weighted, 0+-30pc slab, +-500pc square, neutral (non-HIM) cells"
RAW,mean,n/a,alpha,vol,z0_median,2.6203362941741943,dimensionless,"alpha median, vol-weighted, 0+-30pc slab, +-500pc square, neutral (non-HIM) cells"
RAW,mean,n/a,alpha,vol,z0_mean,4.188417336747352,dimensionless,"alpha mean, vol-weighted, 0+-30pc slab, +-500pc square, neutral (non-HIM) cells"
RAW,mean,n/a,alpha,vol,z0_p15,1.1777194738388062,dimensionless,"alpha p15, vol-weighted, 0+-30pc slab, +-500pc square, neutral (non-HIM) cells"
RAW,mean,n/a,alpha,vol,z0_p85,6.776744842529297,dimensionless,"alpha p85, vol-weighted, 0+-30pc slab, +-500pc square, neutral (non-HIM) cells"
RAW,mean,n/a,alpha,mw,z0_median,4.062460422515869,dimensionless,"alpha median, mw-weighted, 0+-30pc slab, +-500pc square, neutral (non-HIM) cells"
RAW,mean,n/a,alpha,mw,z0_mean,6.187521062331949,dimensionless,"alpha mean, mw-weighted, 0+-30pc slab, +-500pc square, neutral (non-HIM) cells"
RAW,mean,n/a,alpha,mw,z0_p15,1.3976662158966064,dimensionless,"alpha p15, mw-weighted, 0+-30pc slab, +-500pc square, neutral (non-HIM) cells"
RAW,mean,n/a,alpha,mw,z0_p85,9.81522274017334,dimensionless,"alpha p85, mw-weighted, 0+-30pc slab, +-500pc square, neutral (non-HIM) cells"
RAW,mean,n/a,Pth,vol,z150_median,1457.40966796875,K cm^-3,"Pth median, vol-weighted, 150+-30pc slab, +-500pc square, neutral (non-HIM) cells"
RAW,mean,n/a,Pth,vol,z150_mean,1820.5503794142996,K cm^-3,"Pth mean, vol-weighted, 150+-30pc slab, +-500pc square, neutral (non-HIM) cells"
RAW,mean,n/a,Pth,vol,z150_p15,864.5088500976562,K cm^-3,"Pth p15, vol-weighted, 150+-30pc slab, +-500pc square, neutral (non-HIM) cells"
RAW,mean,n/a,Pth,vol,z150_p85,3053.181640625,K cm^-3,"Pth p85, vol-weighted, 150+-30pc slab, +-500pc square, neutral (non-HIM) cells"
RAW,mean,n/a,Pth,mw,z150_median,1412.6505126953125,K cm^-3,"Pth median, mw-weighted, 150+-30pc slab, +-500pc square, neutral (non-HIM) cells"
RAW,mean,n/a,Pth,mw,z150_mean,1939.718750718285,K cm^-3,"Pth mean, mw-weighted, 150+-30pc slab, +-500pc square, neutral (non-HIM) cells"
RAW,mean,n/a,Pth,mw,z150_p15,871.5074462890625,K cm^-3,"Pth p15, mw-weighted, 150+-30pc slab, +-500pc square, neutral (non-HIM) cells"
RAW,mean,n/a,Pth,mw,z150_p85,3444.6416015625,K cm^-3,"Pth p85, mw-weighted, 150+-30pc slab, +-500pc square, neutral (non-HIM) cells"
RAW,mean,n/a,Ptot,vol,z150_median,4892.5517578125,K cm^-3,"Ptot median, vol-weighted, 150+-30pc slab, +-500pc square, neutral (non-HIM) cells"
RAW,mean,n/a,Ptot,vol,z150_mean,6114.467394497392,K cm^-3,"Ptot mean, vol-weighted, 150+-30pc slab, +-500pc square, neutral (non-HIM) cells"
RAW,mean,n/a,Ptot,vol,z150_p15,3357.35595703125,K cm^-3,"Ptot p15, vol-weighted, 150+-30pc slab, +-500pc square, neutral (non-HIM) cells"
RAW,mean,n/a,Ptot,vol,z150_p85,8003.65087890625,K cm^-3,"Ptot p85, vol-weighted, 150+-30pc slab, +-500pc square, neutral (non-HIM) cells"
RAW,mean,n/a,Ptot,mw,z150_median,7152.5185546875,K cm^-3,"Ptot median, mw-weighted, 150+-30pc slab, +-500pc square, neutral (non-HIM) cells"
RAW,mean,n/a,Ptot,mw,z150_mean,13124.996551174769,K cm^-3,"Ptot mean, mw-weighted, 150+-30pc slab, +-500pc square, neutral (non-HIM) cells"
RAW,mean,n/a,Ptot,mw,z150_p15,4057.978271484375,K cm^-3,"Ptot p15, mw-weighted, 150+-30pc slab, +-500pc square, neutral (non-HIM) cells"
RAW,mean,n/a,Ptot,mw,z150_p85,22760.27734375,K cm^-3,"Ptot p85, mw-weighted, 150+-30pc slab, +-500pc square, neutral (non-HIM) cells"
RAW,mean,n/a,alpha,vol,z150_median,3.2889769077301025,dimensionless,"alpha median, vol-weighted, 150+-30pc slab, +-500pc square, neutral (non-HIM) cells"
RAW,mean,n/a,alpha,vol,z150_mean,4.530641557450184,dimensionless,"alpha mean, vol-weighted, 150+-30pc slab, +-500pc square, neutral (non-HIM) cells"
RAW,mean,n/a,alpha,vol,z150_p15,1.6535232067108154,dimensionless,"alpha p15, vol-weighted, 150+-30pc slab, +-500pc square, neutral (non-HIM) cells"
RAW,mean,n/a,alpha,vol,z150_p85,6.542404651641846,dimensionless,"alpha p85, vol-weighted, 150+-30pc slab, +-500pc square, neutral (non-HIM) cells"
RAW,mean,n/a,alpha,mw,z150_median,4.358283996582031,dimensionless,"alpha median, mw-weighted, 150+-30pc slab, +-500pc square, neutral (non-HIM) cells"
RAW,mean,n/a,alpha,mw,z150_mean,11.49935418824821,dimensionless,"alpha mean, mw-weighted, 150+-30pc slab, +-500pc square, neutral (non-HIM) cells"
RAW,mean,n/a,alpha,mw,z150_p15,1.5465177297592163,dimensionless,"alpha p15, mw-weighted, 150+-30pc slab, +-500pc square, neutral (non-HIM) cells"
RAW,mean,n/a,alpha,mw,z150_p85,24.38237190246582,dimensionless,"alpha p85, mw-weighted, 150+-30pc slab, +-500pc square, neutral (non-HIM) cells"
RAW,mean,n/a,Pth,vol,z300_median,1128.3734130859375,K cm^-3,"Pth median, vol-weighted, 300+-30pc slab, +-500pc square, neutral (non-HIM) cells"
RAW,mean,n/a,Pth,vol,z300_mean,1482.6995787174285,K cm^-3,"Pth mean, vol-weighted, 300+-30pc slab, +-500pc square, neutral (non-HIM) cells"
RAW,mean,n/a,Pth,vol,z300_p15,724.2836303710938,K cm^-3,"Pth p15, vol-weighted, 300+-30pc slab, +-500pc square, neutral (non-HIM) cells"
RAW,mean,n/a,Pth,vol,z300_p85,2441.12109375,K cm^-3,"Pth p85, vol-weighted, 300+-30pc slab, +-500pc square, neutral (non-HIM) cells"
RAW,mean,n/a,Pth,mw,z300_median,1826.0386962890625,K cm^-3,"Pth median, mw-weighted, 300+-30pc slab, +-500pc square, neutral (non-HIM) cells"
RAW,mean,n/a,Pth,mw,z300_mean,2132.072028435048,K cm^-3,"Pth mean, mw-weighted, 300+-30pc slab, +-500pc square, neutral (non-HIM) cells"
RAW,mean,n/a,Pth,mw,z300_p15,948.414306640625,K cm^-3,"Pth p15, mw-weighted, 300+-30pc slab, +-500pc square, neutral (non-HIM) cells"
RAW,mean,n/a,Pth,mw,z300_p85,3608.3740234375,K cm^-3,"Pth p85, mw-weighted, 300+-30pc slab, +-500pc square, neutral (non-HIM) cells"
RAW,mean,n/a,Ptot,vol,z300_median,3539.933349609375,K cm^-3,"Ptot median, vol-weighted, 300+-30pc slab, +-500pc square, neutral (non-HIM) cells"
RAW,mean,n/a,Ptot,vol,z300_mean,4001.798628121537,K cm^-3,"Ptot mean, vol-weighted, 300+-30pc slab, +-500pc square, neutral (non-HIM) cells"
RAW,mean,n/a,Ptot,vol,z300_p15,2512.677490234375,K cm^-3,"Ptot p15, vol-weighted, 300+-30pc slab, +-500pc square, neutral (non-HIM) cells"
RAW,mean,n/a,Ptot,vol,z300_p85,5372.54736328125,K cm^-3,"Ptot p85, vol-weighted, 300+-30pc slab, +-500pc square, neutral (non-HIM) cells"
RAW,mean,n/a,Ptot,mw,z300_median,4200.71142578125,K cm^-3,"Ptot median, mw-weighted, 300+-30pc slab, +-500pc square, neutral (non-HIM) cells"
RAW,mean,n/a,Ptot,mw,z300_mean,5055.2550410527965,K cm^-3,"Ptot mean, mw-weighted, 300+-30pc slab, +-500pc square, neutral (non-HIM) cells"
RAW,mean,n/a,Ptot,mw,z300_p15,2788.146728515625,K cm^-3,"Ptot p15, mw-weighted, 300+-30pc slab, +-500pc square, neutral (non-HIM) cells"
RAW,mean,n/a,Ptot,mw,z300_p85,7504.22998046875,K cm^-3,"Ptot p85, mw-weighted, 300+-30pc slab, +-500pc square, neutral (non-HIM) cells"
RAW,mean,n/a,alpha,vol,z300_median,2.9499104022979736,dimensionless,"alpha median, vol-weighted, 300+-30pc slab, +-500pc square, neutral (non-HIM) cells"
RAW,mean,n/a,alpha,vol,z300_mean,3.3989694680561717,dimensionless,"alpha mean, vol-weighted, 300+-30pc slab, +-500pc square, neutral (non-HIM) cells"
RAW,mean,n/a,alpha,vol,z300_p15,1.61142098903656,dimensionless,"alpha p15, vol-weighted, 300+-30pc slab, +-500pc square, neutral (non-HIM) cells"
RAW,mean,n/a,alpha,vol,z300_p85,5.198123931884766,dimensionless,"alpha p85, vol-weighted, 300+-30pc slab, +-500pc square, neutral (non-HIM) cells"
RAW,mean,n/a,alpha,mw,z300_median,2.3506174087524414,dimensionless,"alpha median, mw-weighted, 300+-30pc slab, +-500pc square, neutral (non-HIM) cells"
RAW,mean,n/a,alpha,mw,z300_mean,3.0273085414530527,dimensionless,"alpha mean, mw-weighted, 300+-30pc slab, +-500pc square, neutral (non-HIM) cells"
RAW,mean,n/a,alpha,mw,z300_p15,1.272446870803833,dimensionless,"alpha p15, mw-weighted, 300+-30pc slab, +-500pc square, neutral (non-HIM) cells"
RAW,mean,n/a,alpha,mw,z300_p85,4.870861053466797,dimensionless,"alpha p85, mw-weighted, 300+-30pc slab, +-500pc square, neutral (non-HIM) cells"
RAW,mean,n/a,Pth,vol,box_median,1764.2626953125,K cm^-3,"Pth median, vol-weighted, STATS_BOX (|x|,|y|<=500, |z|<=400pc), neutral (non-HIM) cells"
RAW,mean,n/a,Pth,vol,box_mean,2249.9539798054475,K cm^-3,"Pth mean, vol-weighted, STATS_BOX (|x|,|y|<=500, |z|<=400pc), neutral (non-HIM) cells"
RAW,mean,n/a,Pth,vol,box_p15,933.6459350585938,K cm^-3,"Pth p15, vol-weighted, STATS_BOX (|x|,|y|<=500, |z|<=400pc), neutral (non-HIM) cells"
RAW,mean,n/a,Pth,vol,box_p85,3839.274658203125,K cm^-3,"Pth p85, vol-weighted, STATS_BOX (|x|,|y|<=500, |z|<=400pc), neutral (non-HIM) cells"
RAW,mean,n/a,Pth,mw,box_median,1978.4345703125,K cm^-3,"Pth median, mw-weighted, STATS_BOX (|x|,|y|<=500, |z|<=400pc), neutral (non-HIM) cells"
RAW,mean,n/a,Pth,mw,box_mean,2552.2493051731876,K cm^-3,"Pth mean, mw-weighted, STATS_BOX (|x|,|y|<=500, |z|<=400pc), neutral (non-HIM) cells"
RAW,mean,n/a,Pth,mw,box_p15,1056.1085205078125,K cm^-3,"Pth p15, mw-weighted, STATS_BOX (|x|,|y|<=500, |z|<=400pc), neutral (non-HIM) cells"
RAW,mean,n/a,Pth,mw,box_p85,4293.751953125,K cm^-3,"Pth p85, mw-weighted, STATS_BOX (|x|,|y|<=500, |z|<=400pc), neutral (non-HIM) cells"
RAW,mean,n/a,Ptot,vol,box_median,4878.6767578125,K cm^-3,"Ptot median, vol-weighted, STATS_BOX (|x|,|y|<=500, |z|<=400pc), neutral (non-HIM) cells"
RAW,mean,n/a,Ptot,vol,box_mean,6992.825674043856,K cm^-3,"Ptot mean, vol-weighted, STATS_BOX (|x|,|y|<=500, |z|<=400pc), neutral (non-HIM) cells"
RAW,mean,n/a,Ptot,vol,box_p15,3100.54541015625,K cm^-3,"Ptot p15, vol-weighted, STATS_BOX (|x|,|y|<=500, |z|<=400pc), neutral (non-HIM) cells"
RAW,mean,n/a,Ptot,vol,box_p85,10180.40234375,K cm^-3,"Ptot p85, vol-weighted, STATS_BOX (|x|,|y|<=500, |z|<=400pc), neutral (non-HIM) cells"
RAW,mean,n/a,Ptot,mw,box_median,8045.75439453125,K cm^-3,"Ptot median, mw-weighted, STATS_BOX (|x|,|y|<=500, |z|<=400pc), neutral (non-HIM) cells"
RAW,mean,n/a,Ptot,mw,box_mean,12204.441196589574,K cm^-3,"Ptot mean, mw-weighted, STATS_BOX (|x|,|y|<=500, |z|<=400pc), neutral (non-HIM) cells"
RAW,mean,n/a,Ptot,mw,box_p15,4318.3427734375,K cm^-3,"Ptot p15, mw-weighted, STATS_BOX (|x|,|y|<=500, |z|<=400pc), neutral (non-HIM) cells"
RAW,mean,n/a,Ptot,mw,box_p85,19880.916015625,K cm^-3,"Ptot p85, mw-weighted, STATS_BOX (|x|,|y|<=500, |z|<=400pc), neutral (non-HIM) cells"
RAW,mean,n/a,alpha,vol,box_median,2.88139009475708,dimensionless,"alpha median, vol-weighted, STATS_BOX (|x|,|y|<=500, |z|<=400pc), neutral (non-HIM) cells"
RAW,mean,n/a,alpha,vol,box_mean,4.041647834447212,dimensionless,"alpha mean, vol-weighted, STATS_BOX (|x|,|y|<=500, |z|<=400pc), neutral (non-HIM) cells"
RAW,mean,n/a,alpha,vol,box_p15,1.4111627340316772,dimensionless,"alpha p15, vol-weighted, STATS_BOX (|x|,|y|<=500, |z|<=400pc), neutral (non-HIM) cells"
RAW,mean,n/a,alpha,vol,box_p85,5.951355934143066,dimensionless,"alpha p85, vol-weighted, STATS_BOX (|x|,|y|<=500, |z|<=400pc), neutral (non-HIM) cells"
RAW,mean,n/a,alpha,mw,box_median,4.1161603927612305,dimensionless,"alpha median, mw-weighted, STATS_BOX (|x|,|y|<=500, |z|<=400pc), neutral (non-HIM) cells"
RAW,mean,n/a,alpha,mw,box_mean,7.400406330073981,dimensionless,"alpha mean, mw-weighted, STATS_BOX (|x|,|y|<=500, |z|<=400pc), neutral (non-HIM) cells"
RAW,mean,n/a,alpha,mw,box_p15,1.4250335693359375,dimensionless,"alpha p15, mw-weighted, STATS_BOX (|x|,|y|<=500, |z|<=400pc), neutral (non-HIM) cells"
RAW,mean,n/a,alpha,mw,box_p85,12.711688041687012,dimensionless,"alpha p85, mw-weighted, STATS_BOX (|x|,|y|<=500, |z|<=400pc), neutral (non-HIM) cells"
RAW,mean,n/a,Mach,vol,midplane,3.074442367927287,dimensionless,"Mach number at the z=0 plane, from volume-weighted mean alpha, neutral cells"
RAW,mean,n/a,sigma_eff,vol,midplane,18.006242398848798,km/s,"Effective turbulent velocity dispersion at the z=0 plane, neutral cells, all neutral phases"
HIM_A,n/a,n/a,Sigma_gas,vol,median,3.6043009757995605,Msun/pc^2,"Full-column (+-750pc) trapezoid of variant density, +-500pc square footprint, unweighted median"
HIM_A,n/a,n/a,Sigma_gas,vol,mean,5.735167833898072,Msun/pc^2,"Full-column (+-750pc) trapezoid of variant density, +-500pc square footprint, unweighted mean"
HIM_A,n/a,n/a,Sigma_gas,vol,p15,0.8970494270324707,Msun/pc^2,"Full-column (+-750pc) trapezoid of variant density, +-500pc square footprint, unweighted p15"
HIM_A,n/a,n/a,Sigma_gas,vol,p85,11.07319164276123,Msun/pc^2,"Full-column (+-750pc) trapezoid of variant density, +-500pc square footprint, unweighted p85"
HIM_A,n/a,dPdn,phase_fraction_CNM,vol,z0,0.022659593567998893,dimensionless,"Volume fraction of CNM, 0+-30pc slab, dPdn scheme"
HIM_A,n/a,dPdn,phase_fraction_CNM,mw,z0,0.2787316454683464,dimensionless,"Mass fraction of CNM, 0+-30pc slab, dPdn scheme"
HIM_A,n/a,dPdn,phase_fraction_UNM,vol,z0,0.176814357891647,dimensionless,"Volume fraction of UNM, 0+-30pc slab, dPdn scheme"
HIM_A,n/a,dPdn,phase_fraction_UNM,mw,z0,0.522047919980538,dimensionless,"Mass fraction of UNM, 0+-30pc slab, dPdn scheme"
HIM_A,n/a,dPdn,phase_fraction_WNM,vol,z0,0.33689211622470083,dimensionless,"Volume fraction of WNM, 0+-30pc slab, dPdn scheme"
HIM_A,n/a,dPdn,phase_fraction_WNM,mw,z0,0.19744426079340222,dimensionless,"Mass fraction of WNM, 0+-30pc slab, dPdn scheme"
HIM_A,n/a,dPdn,phase_fraction_HIM,vol,z0,0.4636339323156533,dimensionless,"Volume fraction of HIM, 0+-30pc slab, dPdn scheme"
HIM_A,n/a,dPdn,phase_fraction_HIM,mw,z0,0.0017761737577125152,dimensionless,"Mass fraction of HIM, 0+-30pc slab, dPdn scheme"
HIM_A,n/a,dPdn,phase_fraction_CNM,vol,z150,0.004054475557287974,dimensionless,"Volume fraction of CNM, 150+-30pc slab, dPdn scheme"
HIM_A,n/a,dPdn,phase_fraction_CNM,mw,z150,0.24427493306399103,dimensionless,"Mass fraction of CNM, 150+-30pc slab, dPdn scheme"
HIM_A,n/a,dPdn,phase_fraction_UNM,vol,z150,0.025260405722583548,dimensionless,"Volume fraction of UNM, 150+-30pc slab, dPdn scheme"
HIM_A,n/a,dPdn,phase_fraction_UNM,mw,z150,0.3054356056629824,dimensionless,"Mass fraction of UNM, 150+-30pc slab, dPdn scheme"
HIM_A,n/a,dPdn,phase_fraction_WNM,vol,z150,0.22663500505267234,dimensionless,"Volume fraction of WNM, 150+-30pc slab, dPdn scheme"
HIM_A,n/a,dPdn,phase_fraction_WNM,mw,z150,0.43893271294631653,dimensionless,"Mass fraction of WNM, 150+-30pc slab, dPdn scheme"
HIM_A,n/a,dPdn,phase_fraction_HIM,vol,z150,0.7440501136674561,dimensionless,"Volume fraction of HIM, 150+-30pc slab, dPdn scheme"
HIM_A,n/a,dPdn,phase_fraction_HIM,mw,z150,0.01135674832670973,dimensionless,"Mass fraction of HIM, 150+-30pc slab, dPdn scheme"
HIM_A,n/a,dPdn,phase_fraction_CNM,vol,z300,2.339021654071292e-05,dimensionless,"Volume fraction of CNM, 300+-30pc slab, dPdn scheme"
HIM_A,n/a,dPdn,phase_fraction_CNM,mw,z300,0.00410346077567232,dimensionless,"Mass fraction of CNM, 300+-30pc slab, dPdn scheme"
HIM_A,n/a,dPdn,phase_fraction_UNM,vol,z300,0.0053157480030602625,dimensionless,"Volume fraction of UNM, 300+-30pc slab, dPdn scheme"
HIM_A,n/a,dPdn,phase_fraction_UNM,mw,z300,0.21459721808141433,dimensionless,"Mass fraction of UNM, 300+-30pc slab, dPdn scheme"
HIM_A,n/a,dPdn,phase_fraction_WNM,vol,z300,0.12407224698115199,dimensionless,"Volume fraction of WNM, 300+-30pc slab, dPdn scheme"
HIM_A,n/a,dPdn,phase_fraction_WNM,mw,z300,0.7385625120340024,dimensionless,"Mass fraction of WNM, 300+-30pc slab, dPdn scheme"
HIM_A,n/a,dPdn,phase_fraction_HIM,vol,z300,0.8705886147992471,dimensionless,"Volume fraction of HIM, 300+-30pc slab, dPdn scheme"
HIM_A,n/a,dPdn,phase_fraction_HIM,mw,z300,0.04273680910891101,dimensionless,"Mass fraction of HIM, 300+-30pc slab, dPdn scheme"
HIM_A,n/a,dPdn,phase_fraction_CNM,vol,box,0.005819392419584899,dimensionless,"Volume fraction of CNM, STATS_BOX (|x|,|y|<=500, |z|<=400pc), dPdn scheme"
HIM_A,n/a,dPdn,phase_fraction_CNM,mw,box,0.2433853182888202,dimensionless,"Mass fraction of CNM, STATS_BOX (|x|,|y|<=500, |z|<=400pc), dPdn scheme"
HIM_A,n/a,dPdn,phase_fraction_UNM,vol,box,0.049595136783043885,dimensionless,"Volume fraction of UNM, STATS_BOX (|x|,|y|<=500, |z|<=400pc), dPdn scheme"
HIM_A,n/a,dPdn,phase_fraction_UNM,mw,box,0.4409280363098532,dimensionless,"Mass fraction of UNM, STATS_BOX (|x|,|y|<=500, |z|<=400pc), dPdn scheme"
HIM_A,n/a,dPdn,phase_fraction_WNM,vol,box,0.2381268493222464,dimensionless,"Volume fraction of WNM, STATS_BOX (|x|,|y|<=500, |z|<=400pc), dPdn scheme"
HIM_A,n/a,dPdn,phase_fraction_WNM,mw,box,0.3098498482668454,dimensionless,"Mass fraction of WNM, STATS_BOX (|x|,|y|<=500, |z|<=400pc), dPdn scheme"
HIM_A,n/a,dPdn,phase_fraction_HIM,vol,box,0.7064586214751248,dimensionless,"Volume fraction of HIM, STATS_BOX (|x|,|y|<=500, |z|<=400pc), dPdn scheme"
HIM_A,n/a,dPdn,phase_fraction_HIM,mw,box,0.005836797134484521,dimensionless,"Mass fraction of HIM, STATS_BOX (|x|,|y|<=500, |z|<=400pc), dPdn scheme"
HIM_A,n/a,temperature,phase_fraction_CNM,vol,z0,0.028287768034852966,dimensionless,"Volume fraction of CNM, 0+-30pc slab, temperature scheme"
HIM_A,n/a,temperature,phase_fraction_CNM,mw,z0,0.30610000746591437,dimensionless,"Mass fraction of CNM, 0+-30pc slab, temperature scheme"
HIM_A,n/a,temperature,phase_fraction_UNM,vol,z0,0.1648625998277092,dimensionless,"Volume fraction of UNM, 0+-30pc slab, temperature scheme"
HIM_A,n/a,temperature,phase_fraction_UNM,mw,z0,0.48609990823573057,dimensionless,"Mass fraction of UNM, 0+-30pc slab, temperature scheme"
HIM_A,n/a,temperature,phase_fraction_WNM,vol,z0,0.34321569982178457,dimensionless,"Volume fraction of WNM, 0+-30pc slab, temperature scheme"
HIM_A,n/a,temperature,phase_fraction_WNM,mw,z0,0.2060239105406417,dimensionless,"Mass fraction of WNM, 0+-30pc slab, temperature scheme"
HIM_A,n/a,temperature,phase_fraction_HIM,vol,z0,0.4636339323156533,dimensionless,"Volume fraction of HIM, 0+-30pc slab, temperature scheme"
HIM_A,n/a,temperature,phase_fraction_HIM,mw,z0,0.0017761737577125152,dimensionless,"Mass fraction of HIM, 0+-30pc slab, temperature scheme"
HIM_A,n/a,temperature,phase_fraction_CNM,vol,z150,0.005146875780343248,dimensionless,"Volume fraction of CNM, 150+-30pc slab, temperature scheme"
HIM_A,n/a,temperature,phase_fraction_CNM,mw,z150,0.27680240333856454,dimensionless,"Mass fraction of CNM, 150+-30pc slab, temperature scheme"
HIM_A,n/a,temperature,phase_fraction_UNM,vol,z150,0.02287871620097645,dimensionless,"Volume fraction of UNM, 150+-30pc slab, temperature scheme"
HIM_A,n/a,temperature,phase_fraction_UNM,mw,z150,0.2648015894934235,dimensionless,"Mass fraction of UNM, 150+-30pc slab, temperature scheme"
HIM_A,n/a,temperature,phase_fraction_WNM,vol,z150,0.22792429435122416,dimensionless,"Volume fraction of WNM, 150+-30pc slab, temperature scheme"
HIM_A,n/a,temperature,phase_fraction_WNM,mw,z150,0.4470392588413019,dimensionless,"Mass fraction of WNM, 150+-30pc slab, temperature scheme"
HIM_A,n/a,temperature,phase_fraction_HIM,vol,z150,0.7440501136674561,dimensionless,"Volume fraction of HIM, 150+-30pc slab, temperature scheme"
HIM_A,n/a,temperature,phase_fraction_HIM,mw,z150,0.01135674832670973,dimensionless,"Mass fraction of HIM, 150+-30pc slab, temperature scheme"
HIM_A,n/a,temperature,phase_fraction_CNM,vol,z300,5.3591869766358723e-05,dimensionless,"Volume fraction of CNM, 300+-30pc slab, temperature scheme"
HIM_A,n/a,temperature,phase_fraction_CNM,mw,z300,0.008115449556290948,dimensionless,"Mass fraction of CNM, 300+-30pc slab, temperature scheme"
HIM_A,n/a,temperature,phase_fraction_UNM,vol,z300,0.004877759772451748,dimensionless,"Volume fraction of UNM, 300+-30pc slab, temperature scheme"
HIM_A,n/a,temperature,phase_fraction_UNM,mw,z300,0.2007018862814239,dimensionless,"Mass fraction of UNM, 300+-30pc slab, temperature scheme"
HIM_A,n/a,temperature,phase_fraction_WNM,vol,z300,0.12448003355853485,dimensionless,"Volume fraction of WNM, 300+-30pc slab, temperature scheme"
HIM_A,n/a,temperature,phase_fraction_WNM,mw,z300,0.7484458550533741,dimensionless,"Mass fraction of WNM, 300+-30pc slab, temperature scheme"
HIM_A,n/a,temperature,phase_fraction_HIM,vol,z300,0.8705886147992471,dimensionless,"Volume fraction of HIM, 300+-30pc slab, temperature scheme"
HIM_A,n/a,temperature,phase_fraction_HIM,mw,z300,0.04273680910891101,dimensionless,"Mass fraction of HIM, 300+-30pc slab, temperature scheme"
HIM_A,n/a,temperature,phase_fraction_CNM,vol,box,0.007261468720142306,dimensionless,"Volume fraction of CNM, STATS_BOX (|x|,|y|<=500, |z|<=400pc), temperature scheme"
HIM_A,n/a,temperature,phase_fraction_CNM,mw,box,0.2684322885820144,dimensionless,"Mass fraction of CNM, STATS_BOX (|x|,|y|<=500, |z|<=400pc), temperature scheme"
HIM_A,n/a,temperature,phase_fraction_UNM,vol,box,0.046059100558371764,dimensionless,"Volume fraction of UNM, STATS_BOX (|x|,|y|<=500, |z|<=400pc), temperature scheme"
HIM_A,n/a,temperature,phase_fraction_UNM,mw,box,0.4071229304239532,dimensionless,"Mass fraction of UNM, STATS_BOX (|x|,|y|<=500, |z|<=400pc), temperature scheme"
HIM_A,n/a,temperature,phase_fraction_WNM,vol,box,0.2402208092463611,dimensionless,"Volume fraction of WNM, STATS_BOX (|x|,|y|<=500, |z|<=400pc), temperature scheme"
HIM_A,n/a,temperature,phase_fraction_WNM,mw,box,0.3186079838595512,dimensionless,"Mass fraction of WNM, STATS_BOX (|x|,|y|<=500, |z|<=400pc), temperature scheme"
HIM_A,n/a,temperature,phase_fraction_HIM,vol,box,0.7064586214751248,dimensionless,"Volume fraction of HIM, STATS_BOX (|x|,|y|<=500, |z|<=400pc), temperature scheme"
HIM_A,n/a,temperature,phase_fraction_HIM,mw,box,0.005836797134484521,dimensionless,"Mass fraction of HIM, STATS_BOX (|x|,|y|<=500, |z|<=400pc), temperature scheme"
HIM_A,off,n/a,Pth,vol,z0_median,2604.982421875,K cm^-3,"Pth median, vol-weighted, 0+-30pc slab, +-500pc square, neutral (non-HIM) cells"
HIM_A,off,n/a,Pth,vol,z0_mean,3051.327520309253,K cm^-3,"Pth mean, vol-weighted, 0+-30pc slab, +-500pc square, neutral (non-HIM) cells"
HIM_A,off,n/a,Pth,vol,z0_p15,1288.46923828125,K cm^-3,"Pth p15, vol-weighted, 0+-30pc slab, +-500pc square, neutral (non-HIM) cells"
HIM_A,off,n/a,Pth,vol,z0_p85,4876.56640625,K cm^-3,"Pth p85, vol-weighted, 0+-30pc slab, +-500pc square, neutral (non-HIM) cells"
HIM_A,off,n/a,Pth,mw,z0_median,2164.08251953125,K cm^-3,"Pth median, mw-weighted, 0+-30pc slab, +-500pc square, neutral (non-HIM) cells"
HIM_A,off,n/a,Pth,mw,z0_mean,2803.674502078496,K cm^-3,"Pth mean, mw-weighted, 0+-30pc slab, +-500pc square, neutral (non-HIM) cells"
HIM_A,off,n/a,Pth,mw,z0_p15,1081.4775390625,K cm^-3,"Pth p15, mw-weighted, 0+-30pc slab, +-500pc square, neutral (non-HIM) cells"
HIM_A,off,n/a,Pth,mw,z0_p85,4734.73974609375,K cm^-3,"Pth p85, mw-weighted, 0+-30pc slab, +-500pc square, neutral (non-HIM) cells"
HIM_A,off,n/a,Ptot,vol,z0_median,2691.52783203125,K cm^-3,"Ptot median, vol-weighted, 0+-30pc slab, +-500pc square, neutral (non-HIM) cells"
HIM_A,off,n/a,Ptot,vol,z0_mean,4703.42078901541,K cm^-3,"Ptot mean, vol-weighted, 0+-30pc slab, +-500pc square, neutral (non-HIM) cells"
HIM_A,off,n/a,Ptot,vol,z0_p15,743.8363647460938,K cm^-3,"Ptot p15, vol-weighted, 0+-30pc slab, +-500pc square, neutral (non-HIM) cells"
HIM_A,off,n/a,Ptot,vol,z0_p85,8260.6396484375,K cm^-3,"Ptot p85, vol-weighted, 0+-30pc slab, +-500pc square, neutral (non-HIM) cells"
HIM_A,off,n/a,Ptot,mw,z0_median,3946.053466796875,K cm^-3,"Ptot median, mw-weighted, 0+-30pc slab, +-500pc square, neutral (non-HIM) cells"
HIM_A,off,n/a,Ptot,mw,z0_mean,6156.296154622537,K cm^-3,"Ptot mean, mw-weighted, 0+-30pc slab, +-500pc square, neutral (non-HIM) cells"
HIM_A,off,n/a,Ptot,mw,z0_p15,1405.564208984375,K cm^-3,"Ptot p15, mw-weighted, 0+-30pc slab, +-500pc square, neutral (non-HIM) cells"
HIM_A,off,n/a,Ptot,mw,z0_p85,10258.9091796875,K cm^-3,"Ptot p85, mw-weighted, 0+-30pc slab, +-500pc square, neutral (non-HIM) cells"
HIM_A,off,n/a,alpha,vol,z0_median,1.0110738277435303,dimensionless,"alpha median, vol-weighted, 0+-30pc slab, +-500pc square, neutral (non-HIM) cells"
HIM_A,off,n/a,alpha,vol,z0_mean,2.204997348876049,dimensionless,"alpha mean, vol-weighted, 0+-30pc slab, +-500pc square, neutral (non-HIM) cells"
HIM_A,off,n/a,alpha,vol,z0_p15,0.23645178973674774,dimensionless,"alpha p15, vol-weighted, 0+-30pc slab, +-500pc square, neutral (non-HIM) cells"
HIM_A,off,n/a,alpha,vol,z0_p85,3.8271775245666504,dimensionless,"alpha p85, vol-weighted, 0+-30pc slab, +-500pc square, neutral (non-HIM) cells"
HIM_A,off,n/a,alpha,mw,z0_median,1.8706709146499634,dimensionless,"alpha median, mw-weighted, 0+-30pc slab, +-500pc square, neutral (non-HIM) cells"
HIM_A,off,n/a,alpha,mw,z0_mean,3.5494165821322663,dimensionless,"alpha mean, mw-weighted, 0+-30pc slab, +-500pc square, neutral (non-HIM) cells"
HIM_A,off,n/a,alpha,mw,z0_p15,0.4406963884830475,dimensionless,"alpha p15, mw-weighted, 0+-30pc slab, +-500pc square, neutral (non-HIM) cells"
HIM_A,off,n/a,alpha,mw,z0_p85,5.868674278259277,dimensionless,"alpha p85, mw-weighted, 0+-30pc slab, +-500pc square, neutral (non-HIM) cells"
HIM_A,off,n/a,Pth,vol,z150_median,1457.40966796875,K cm^-3,"Pth median, vol-weighted, 150+-30pc slab, +-500pc square, neutral (non-HIM) cells"
HIM_A,off,n/a,Pth,vol,z150_mean,1820.5503794142996,K cm^-3,"Pth mean, vol-weighted, 150+-30pc slab, +-500pc square, neutral (non-HIM) cells"
HIM_A,off,n/a,Pth,vol,z150_p15,864.5088500976562,K cm^-3,"Pth p15, vol-weighted, 150+-30pc slab, +-500pc square, neutral (non-HIM) cells"
HIM_A,off,n/a,Pth,vol,z150_p85,3053.181640625,K cm^-3,"Pth p85, vol-weighted, 150+-30pc slab, +-500pc square, neutral (non-HIM) cells"
HIM_A,off,n/a,Pth,mw,z150_median,1412.6505126953125,K cm^-3,"Pth median, mw-weighted, 150+-30pc slab, +-500pc square, neutral (non-HIM) cells"
HIM_A,off,n/a,Pth,mw,z150_mean,1939.718750718285,K cm^-3,"Pth mean, mw-weighted, 150+-30pc slab, +-500pc square, neutral (non-HIM) cells"
HIM_A,off,n/a,Pth,mw,z150_p15,871.5074462890625,K cm^-3,"Pth p15, mw-weighted, 150+-30pc slab, +-500pc square, neutral (non-HIM) cells"
HIM_A,off,n/a,Pth,mw,z150_p85,3444.6416015625,K cm^-3,"Pth p85, mw-weighted, 150+-30pc slab, +-500pc square, neutral (non-HIM) cells"
HIM_A,off,n/a,Ptot,vol,z150_median,1610.0592041015625,K cm^-3,"Ptot median, vol-weighted, 150+-30pc slab, +-500pc square, neutral (non-HIM) cells"
HIM_A,off,n/a,Ptot,vol,z150_mean,2723.679897143193,K cm^-3,"Ptot mean, vol-weighted, 150+-30pc slab, +-500pc square, neutral (non-HIM) cells"
HIM_A,off,n/a,Ptot,vol,z150_p15,425.6249694824219,K cm^-3,"Ptot p15, vol-weighted, 150+-30pc slab, +-500pc square, neutral (non-HIM) cells"
HIM_A,off,n/a,Ptot,vol,z150_p85,4462.2060546875,K cm^-3,"Ptot p85, vol-weighted, 150+-30pc slab, +-500pc square, neutral (non-HIM) cells"
HIM_A,off,n/a,Ptot,mw,z150_median,3654.945556640625,K cm^-3,"Ptot median, mw-weighted, 150+-30pc slab, +-500pc square, neutral (non-HIM) cells"
HIM_A,off,n/a,Ptot,mw,z150_mean,8167.202845820391,K cm^-3,"Ptot mean, mw-weighted, 150+-30pc slab, +-500pc square, neutral (non-HIM) cells"
HIM_A,off,n/a,Ptot,mw,z150_p15,977.580810546875,K cm^-3,"Ptot p15, mw-weighted, 150+-30pc slab, +-500pc square, neutral (non-HIM) cells"
HIM_A,off,n/a,Ptot,mw,z150_p85,15533.171875,K cm^-3,"Ptot p85, mw-weighted, 150+-30pc slab, +-500pc square, neutral (non-HIM) cells"
HIM_A,off,n/a,alpha,vol,z150_median,0.9403356313705444,dimensionless,"alpha median, vol-weighted, 150+-30pc slab, +-500pc square, neutral (non-HIM) cells"
HIM_A,off,n/a,alpha,vol,z150_mean,2.0103760730091005,dimensionless,"alpha mean, vol-weighted, 150+-30pc slab, +-500pc square, neutral (non-HIM) cells"
HIM_A,off,n/a,alpha,vol,z150_p15,0.2606535851955414,dimensionless,"alpha p15, vol-weighted, 150+-30pc slab, +-500pc square, neutral (non-HIM) cells"
HIM_A,off,n/a,alpha,vol,z150_p85,3.1356124877929688,dimensionless,"alpha p85, vol-weighted, 150+-30pc slab, +-500pc square, neutral (non-HIM) cells"
HIM_A,off,n/a,alpha,mw,z150_median,1.9797205924987793,dimensionless,"alpha median, mw-weighted, 150+-30pc slab, +-500pc square, neutral (non-HIM) cells"
HIM_A,off,n/a,alpha,mw,z150_mean,7.459623360388729,dimensionless,"alpha mean, mw-weighted, 150+-30pc slab, +-500pc square, neutral (non-HIM) cells"
HIM_A,off,n/a,alpha,mw,z150_p15,0.3762345016002655,dimensionless,"alpha p15, mw-weighted, 150+-30pc slab, +-500pc square, neutral (non-HIM) cells"
HIM_A,off,n/a,alpha,mw,z150_p85,16.458173751831055,dimensionless,"alpha p85, mw-weighted, 150+-30pc slab, +-500pc square, neutral (non-HIM) cells"
HIM_A,off,n/a,Pth,vol,z300_median,1128.3734130859375,K cm^-3,"Pth median, vol-weighted, 300+-30pc slab, +-500pc square, neutral (non-HIM) cells"
HIM_A,off,n/a,Pth,vol,z300_mean,1482.6995787174285,K cm^-3,"Pth mean, vol-weighted, 300+-30pc slab, +-500pc square, neutral (non-HIM) cells"
HIM_A,off,n/a,Pth,vol,z300_p15,724.2836303710938,K cm^-3,"Pth p15, vol-weighted, 300+-30pc slab, +-500pc square, neutral (non-HIM) cells"
HIM_A,off,n/a,Pth,vol,z300_p85,2441.12109375,K cm^-3,"Pth p85, vol-weighted, 300+-30pc slab, +-500pc square, neutral (non-HIM) cells"
HIM_A,off,n/a,Pth,mw,z300_median,1826.0386962890625,K cm^-3,"Pth median, mw-weighted, 300+-30pc slab, +-500pc square, neutral (non-HIM) cells"
HIM_A,off,n/a,Pth,mw,z300_mean,2132.072028435048,K cm^-3,"Pth mean, mw-weighted, 300+-30pc slab, +-500pc square, neutral (non-HIM) cells"
HIM_A,off,n/a,Pth,mw,z300_p15,948.414306640625,K cm^-3,"Pth p15, mw-weighted, 300+-30pc slab, +-500pc square, neutral (non-HIM) cells"
HIM_A,off,n/a,Pth,mw,z300_p85,3608.3740234375,K cm^-3,"Pth p85, mw-weighted, 300+-30pc slab, +-500pc square, neutral (non-HIM) cells"
HIM_A,off,n/a,Ptot,vol,z300_median,1111.51806640625,K cm^-3,"Ptot median, vol-weighted, 300+-30pc slab, +-500pc square, neutral (non-HIM) cells"
HIM_A,off,n/a,Ptot,vol,z300_mean,1607.0835512847807,K cm^-3,"Ptot mean, vol-weighted, 300+-30pc slab, +-500pc square, neutral (non-HIM) cells"
HIM_A,off,n/a,Ptot,vol,z300_p15,292.2536926269531,K cm^-3,"Ptot p15, vol-weighted, 300+-30pc slab, +-500pc square, neutral (non-HIM) cells"
HIM_A,off,n/a,Ptot,vol,z300_p85,2944.962646484375,K cm^-3,"Ptot p85, vol-weighted, 300+-30pc slab, +-500pc square, neutral (non-HIM) cells"
HIM_A,off,n/a,Ptot,mw,z300_median,1852.0146484375,K cm^-3,"Ptot median, mw-weighted, 300+-30pc slab, +-500pc square, neutral (non-HIM) cells"
HIM_A,off,n/a,Ptot,mw,z300_mean,2530.3402736772696,K cm^-3,"Ptot mean, mw-weighted, 300+-30pc slab, +-500pc square, neutral (non-HIM) cells"
HIM_A,off,n/a,Ptot,mw,z300_p15,506.3883972167969,K cm^-3,"Ptot p15, mw-weighted, 300+-30pc slab, +-500pc square, neutral (non-HIM) cells"
HIM_A,off,n/a,Ptot,mw,z300_p85,4657.98193359375,K cm^-3,"Ptot p85, mw-weighted, 300+-30pc slab, +-500pc square, neutral (non-HIM) cells"
HIM_A,off,n/a,alpha,vol,z300_median,0.8028551936149597,dimensionless,"alpha median, vol-weighted, 300+-30pc slab, +-500pc square, neutral (non-HIM) cells"
HIM_A,off,n/a,alpha,vol,z300_mean,1.243832110377104,dimensionless,"alpha mean, vol-weighted, 300+-30pc slab, +-500pc square, neutral (non-HIM) cells"
HIM_A,off,n/a,alpha,vol,z300_p15,0.257506400346756,dimensionless,"alpha p15, vol-weighted, 300+-30pc slab, +-500pc square, neutral (non-HIM) cells"
HIM_A,off,n/a,alpha,vol,z300_p85,2.2853899002075195,dimensionless,"alpha p85, vol-weighted, 300+-30pc slab, +-500pc square, neutral (non-HIM) cells"
HIM_A,off,n/a,alpha,mw,z300_median,0.8690980672836304,dimensionless,"alpha median, mw-weighted, 300+-30pc slab, +-500pc square, neutral (non-HIM) cells"
HIM_A,off,n/a,alpha,mw,z300_mean,1.4187207808995608,dimensionless,"alpha mean, mw-weighted, 300+-30pc slab, +-500pc square, neutral (non-HIM) cells"
HIM_A,off,n/a,alpha,mw,z300_p15,0.30049747228622437,dimensionless,"alpha p15, mw-weighted, 300+-30pc slab, +-500pc square, neutral (non-HIM) cells"
HIM_A,off,n/a,alpha,mw,z300_p85,2.5666024684906006,dimensionless,"alpha p85, mw-weighted, 300+-30pc slab, +-500pc square, neutral (non-HIM) cells"
HIM_A,off,n/a,Pth,vol,box_median,1764.2626953125,K cm^-3,"Pth median, vol-weighted, STATS_BOX (|x|,|y|<=500, |z|<=400pc), neutral (non-HIM) cells"
HIM_A,off,n/a,Pth,vol,box_mean,2249.9539798054475,K cm^-3,"Pth mean, vol-weighted, STATS_BOX (|x|,|y|<=500, |z|<=400pc), neutral (non-HIM) cells"
HIM_A,off,n/a,Pth,vol,box_p15,933.6459350585938,K cm^-3,"Pth p15, vol-weighted, STATS_BOX (|x|,|y|<=500, |z|<=400pc), neutral (non-HIM) cells"
HIM_A,off,n/a,Pth,vol,box_p85,3839.274658203125,K cm^-3,"Pth p85, vol-weighted, STATS_BOX (|x|,|y|<=500, |z|<=400pc), neutral (non-HIM) cells"
HIM_A,off,n/a,Pth,mw,box_median,1978.4345703125,K cm^-3,"Pth median, mw-weighted, STATS_BOX (|x|,|y|<=500, |z|<=400pc), neutral (non-HIM) cells"
HIM_A,off,n/a,Pth,mw,box_mean,2552.2493051731876,K cm^-3,"Pth mean, mw-weighted, STATS_BOX (|x|,|y|<=500, |z|<=400pc), neutral (non-HIM) cells"
HIM_A,off,n/a,Pth,mw,box_p15,1056.1085205078125,K cm^-3,"Pth p15, mw-weighted, STATS_BOX (|x|,|y|<=500, |z|<=400pc), neutral (non-HIM) cells"
HIM_A,off,n/a,Pth,mw,box_p85,4293.751953125,K cm^-3,"Pth p85, mw-weighted, STATS_BOX (|x|,|y|<=500, |z|<=400pc), neutral (non-HIM) cells"
HIM_A,off,n/a,Ptot,vol,box_median,1664.5560302734375,K cm^-3,"Ptot median, vol-weighted, STATS_BOX (|x|,|y|<=500, |z|<=400pc), neutral (non-HIM) cells"
HIM_A,off,n/a,Ptot,vol,box_mean,3463.164172597836,K cm^-3,"Ptot mean, vol-weighted, STATS_BOX (|x|,|y|<=500, |z|<=400pc), neutral (non-HIM) cells"
HIM_A,off,n/a,Ptot,vol,box_p15,404.817626953125,K cm^-3,"Ptot p15, vol-weighted, STATS_BOX (|x|,|y|<=500, |z|<=400pc), neutral (non-HIM) cells"
HIM_A,off,n/a,Ptot,vol,box_p85,6077.23291015625,K cm^-3,"Ptot p85, vol-weighted, STATS_BOX (|x|,|y|<=500, |z|<=400pc), neutral (non-HIM) cells"
HIM_A,off,n/a,Ptot,mw,box_median,4132.2763671875,K cm^-3,"Ptot median, mw-weighted, STATS_BOX (|x|,|y|<=500, |z|<=400pc), neutral (non-HIM) cells"
HIM_A,off,n/a,Ptot,mw,box_mean,7350.291726299087,K cm^-3,"Ptot mean, mw-weighted, STATS_BOX (|x|,|y|<=500, |z|<=400pc), neutral (non-HIM) cells"
HIM_A,off,n/a,Ptot,mw,box_p15,1179.7139892578125,K cm^-3,"Ptot p15, mw-weighted, STATS_BOX (|x|,|y|<=500, |z|<=400pc), neutral (non-HIM) cells"
HIM_A,off,n/a,Ptot,mw,box_p85,13363.078125,K cm^-3,"Ptot p85, mw-weighted, STATS_BOX (|x|,|y|<=500, |z|<=400pc), neutral (non-HIM) cells"
HIM_A,off,n/a,alpha,vol,box_median,0.8179126381874084,dimensionless,"alpha median, vol-weighted, STATS_BOX (|x|,|y|<=500, |z|<=400pc), neutral (non-HIM) cells"
HIM_A,off,n/a,alpha,vol,box_mean,1.8913583639130456,dimensionless,"alpha mean, vol-weighted, STATS_BOX (|x|,|y|<=500, |z|<=400pc), neutral (non-HIM) cells"
HIM_A,off,n/a,alpha,vol,box_p15,0.24638667702674866,dimensionless,"alpha p15, vol-weighted, STATS_BOX (|x|,|y|<=500, |z|<=400pc), neutral (non-HIM) cells"
HIM_A,off,n/a,alpha,vol,box_p85,3.1673696041107178,dimensionless,"alpha p85, vol-weighted, STATS_BOX (|x|,|y|<=500, |z|<=400pc), neutral (non-HIM) cells"
HIM_A,off,n/a,alpha,mw,box_median,1.9736583232879639,dimensionless,"alpha median, mw-weighted, STATS_BOX (|x|,|y|<=500, |z|<=400pc), neutral (non-HIM) cells"
HIM_A,off,n/a,alpha,mw,box_mean,4.544860489099294,dimensionless,"alpha mean, mw-weighted, STATS_BOX (|x|,|y|<=500, |z|<=400pc), neutral (non-HIM) cells"
HIM_A,off,n/a,alpha,mw,box_p15,0.40521711111068726,dimensionless,"alpha p15, mw-weighted, STATS_BOX (|x|,|y|<=500, |z|<=400pc), neutral (non-HIM) cells"
HIM_A,off,n/a,alpha,mw,box_p85,8.230085372924805,dimensionless,"alpha p85, mw-weighted, STATS_BOX (|x|,|y|<=500, |z|<=400pc), neutral (non-HIM) cells"
HIM_A,off,n/a,Mach,vol,midplane,1.8693545609192173,dimensionless,"Mach number at the z=0 plane, from volume-weighted mean alpha, neutral cells"
HIM_A,off,n/a,sigma_eff,vol,midplane,10.948343577504676,km/s,"Effective turbulent velocity dispersion at the z=0 plane, neutral cells, all neutral phases"
HIM_A,mean,n/a,Pth,vol,z0_median,2604.982421875,K cm^-3,"Pth median, vol-weighted, 0+-30pc slab, +-500pc square, neutral (non-HIM) cells"
HIM_A,mean,n/a,Pth,vol,z0_mean,3051.327520309253,K cm^-3,"Pth mean, vol-weighted, 0+-30pc slab, +-500pc square, neutral (non-HIM) cells"
HIM_A,mean,n/a,Pth,vol,z0_p15,1288.46923828125,K cm^-3,"Pth p15, vol-weighted, 0+-30pc slab, +-500pc square, neutral (non-HIM) cells"
HIM_A,mean,n/a,Pth,vol,z0_p85,4876.56640625,K cm^-3,"Pth p85, vol-weighted, 0+-30pc slab, +-500pc square, neutral (non-HIM) cells"
HIM_A,mean,n/a,Pth,mw,z0_median,2164.08251953125,K cm^-3,"Pth median, mw-weighted, 0+-30pc slab, +-500pc square, neutral (non-HIM) cells"
HIM_A,mean,n/a,Pth,mw,z0_mean,2803.674502078496,K cm^-3,"Pth mean, mw-weighted, 0+-30pc slab, +-500pc square, neutral (non-HIM) cells"
HIM_A,mean,n/a,Pth,mw,z0_p15,1081.4775390625,K cm^-3,"Pth p15, mw-weighted, 0+-30pc slab, +-500pc square, neutral (non-HIM) cells"
HIM_A,mean,n/a,Pth,mw,z0_p85,4734.73974609375,K cm^-3,"Pth p85, mw-weighted, 0+-30pc slab, +-500pc square, neutral (non-HIM) cells"
HIM_A,mean,n/a,Ptot,vol,z0_median,3504.51318359375,K cm^-3,"Ptot median, vol-weighted, 0+-30pc slab, +-500pc square, neutral (non-HIM) cells"
HIM_A,mean,n/a,Ptot,vol,z0_mean,6095.676261123036,K cm^-3,"Ptot mean, vol-weighted, 0+-30pc slab, +-500pc square, neutral (non-HIM) cells"
HIM_A,mean,n/a,Ptot,vol,z0_p15,965.3179321289062,K cm^-3,"Ptot p15, vol-weighted, 0+-30pc slab, +-500pc square, neutral (non-HIM) cells"
HIM_A,mean,n/a,Ptot,vol,z0_p85,10713.125,K cm^-3,"Ptot p85, vol-weighted, 0+-30pc slab, +-500pc square, neutral (non-HIM) cells"
HIM_A,mean,n/a,Ptot,mw,z0_median,5214.1298828125,K cm^-3,"Ptot median, mw-weighted, 0+-30pc slab, +-500pc square, neutral (non-HIM) cells"
HIM_A,mean,n/a,Ptot,mw,z0_mean,8109.129972603643,K cm^-3,"Ptot mean, mw-weighted, 0+-30pc slab, +-500pc square, neutral (non-HIM) cells"
HIM_A,mean,n/a,Ptot,mw,z0_p15,1864.6351318359375,K cm^-3,"Ptot p15, mw-weighted, 0+-30pc slab, +-500pc square, neutral (non-HIM) cells"
HIM_A,mean,n/a,Ptot,mw,z0_p85,13587.1904296875,K cm^-3,"Ptot p85, mw-weighted, 0+-30pc slab, +-500pc square, neutral (non-HIM) cells"
HIM_A,mean,n/a,alpha,vol,z0_median,1.3143563270568848,dimensionless,"alpha median, vol-weighted, 0+-30pc slab, +-500pc square, neutral (non-HIM) cells"
HIM_A,mean,n/a,alpha,vol,z0_mean,2.852260963034546,dimensionless,"alpha mean, vol-weighted, 0+-30pc slab, +-500pc square, neutral (non-HIM) cells"
HIM_A,mean,n/a,alpha,vol,z0_p15,0.30680739879608154,dimensionless,"alpha p15, vol-weighted, 0+-30pc slab, +-500pc square, neutral (non-HIM) cells"
HIM_A,mean,n/a,alpha,vol,z0_p85,4.958077430725098,dimensionless,"alpha p85, vol-weighted, 0+-30pc slab, +-500pc square, neutral (non-HIM) cells"
HIM_A,mean,n/a,alpha,mw,z0_median,2.476781129837036,dimensionless,"alpha median, mw-weighted, 0+-30pc slab, +-500pc square, neutral (non-HIM) cells"
HIM_A,mean,n/a,alpha,mw,z0_mean,4.667444958306686,dimensionless,"alpha mean, mw-weighted, 0+-30pc slab, +-500pc square, neutral (non-HIM) cells"
HIM_A,mean,n/a,alpha,mw,z0_p15,0.5799895524978638,dimensionless,"alpha p15, mw-weighted, 0+-30pc slab, +-500pc square, neutral (non-HIM) cells"
HIM_A,mean,n/a,alpha,mw,z0_p85,7.752038955688477,dimensionless,"alpha p85, mw-weighted, 0+-30pc slab, +-500pc square, neutral (non-HIM) cells"
HIM_A,mean,n/a,Pth,vol,z150_median,1457.40966796875,K cm^-3,"Pth median, vol-weighted, 150+-30pc slab, +-500pc square, neutral (non-HIM) cells"
HIM_A,mean,n/a,Pth,vol,z150_mean,1820.5503794142996,K cm^-3,"Pth mean, vol-weighted, 150+-30pc slab, +-500pc square, neutral (non-HIM) cells"
HIM_A,mean,n/a,Pth,vol,z150_p15,864.5088500976562,K cm^-3,"Pth p15, vol-weighted, 150+-30pc slab, +-500pc square, neutral (non-HIM) cells"
HIM_A,mean,n/a,Pth,vol,z150_p85,3053.181640625,K cm^-3,"Pth p85, vol-weighted, 150+-30pc slab, +-500pc square, neutral (non-HIM) cells"
HIM_A,mean,n/a,Pth,mw,z150_median,1412.6505126953125,K cm^-3,"Pth median, mw-weighted, 150+-30pc slab, +-500pc square, neutral (non-HIM) cells"
HIM_A,mean,n/a,Pth,mw,z150_mean,1939.718750718285,K cm^-3,"Pth mean, mw-weighted, 150+-30pc slab, +-500pc square, neutral (non-HIM) cells"
HIM_A,mean,n/a,Pth,mw,z150_p15,871.5074462890625,K cm^-3,"Pth p15, mw-weighted, 150+-30pc slab, +-500pc square, neutral (non-HIM) cells"
HIM_A,mean,n/a,Pth,mw,z150_p85,3444.6416015625,K cm^-3,"Pth p85, mw-weighted, 150+-30pc slab, +-500pc square, neutral (non-HIM) cells"
HIM_A,mean,n/a,Ptot,vol,z150_median,1966.515869140625,K cm^-3,"Ptot median, vol-weighted, 150+-30pc slab, +-500pc square, neutral (non-HIM) cells"
HIM_A,mean,n/a,Ptot,vol,z150_mean,3330.381989484841,K cm^-3,"Ptot mean, vol-weighted, 150+-30pc slab, +-500pc square, neutral (non-HIM) cells"
HIM_A,mean,n/a,Ptot,vol,z150_p15,519.1378173828125,K cm^-3,"Ptot p15, vol-weighted, 150+-30pc slab, +-500pc square, neutral (non-HIM) cells"
HIM_A,mean,n/a,Ptot,vol,z150_p85,5395.09814453125,K cm^-3,"Ptot p85, vol-weighted, 150+-30pc slab, +-500pc square, neutral (non-HIM) cells"
HIM_A,mean,n/a,Ptot,mw,z150_median,4484.46484375,K cm^-3,"Ptot median, mw-weighted, 150+-30pc slab, +-500pc square, neutral (non-HIM) cells"
HIM_A,mean,n/a,Ptot,mw,z150_mean,10249.149253171656,K cm^-3,"Ptot mean, mw-weighted, 150+-30pc slab, +-500pc square, neutral (non-HIM) cells"
HIM_A,mean,n/a,Ptot,mw,z150_p15,1208.6207275390625,K cm^-3,"Ptot p15, mw-weighted, 150+-30pc slab, +-500pc square, neutral (non-HIM) cells"
HIM_A,mean,n/a,Ptot,mw,z150_p85,19636.494140625,K cm^-3,"Ptot p85, mw-weighted, 150+-30pc slab, +-500pc square, neutral (non-HIM) cells"
HIM_A,mean,n/a,alpha,vol,z150_median,1.1462522745132446,dimensionless,"alpha median, vol-weighted, 150+-30pc slab, +-500pc square, neutral (non-HIM) cells"
HIM_A,mean,n/a,alpha,vol,z150_mean,2.455715556500005,dimensionless,"alpha mean, vol-weighted, 150+-30pc slab, +-500pc square, neutral (non-HIM) cells"
HIM_A,mean,n/a,alpha,vol,z150_p15,0.3191980719566345,dimensionless,"alpha p15, vol-weighted, 150+-30pc slab, +-500pc square, neutral (non-HIM) cells"
HIM_A,mean,n/a,alpha,vol,z150_p85,3.765538215637207,dimensionless,"alpha p85, vol-weighted, 150+-30pc slab, +-500pc square, neutral (non-HIM) cells"
HIM_A,mean,n/a,alpha,mw,z150_median,2.4240965843200684,dimensionless,"alpha median, mw-weighted, 150+-30pc slab, +-500pc square, neutral (non-HIM) cells"
HIM_A,mean,n/a,alpha,mw,z150_mean,9.384054460376548,dimensionless,"alpha mean, mw-weighted, 150+-30pc slab, +-500pc square, neutral (non-HIM) cells"
HIM_A,mean,n/a,alpha,mw,z150_p15,0.46589556336402893,dimensionless,"alpha p15, mw-weighted, 150+-30pc slab, +-500pc square, neutral (non-HIM) cells"
HIM_A,mean,n/a,alpha,mw,z150_p85,20.861303329467773,dimensionless,"alpha p85, mw-weighted, 150+-30pc slab, +-500pc square, neutral (non-HIM) cells"
HIM_A,mean,n/a,Pth,vol,z300_median,1128.3734130859375,K cm^-3,"Pth median, vol-weighted, 300+-30pc slab, +-500pc square, neutral (non-HIM) cells"
HIM_A,mean,n/a,Pth,vol,z300_mean,1482.6995787174285,K cm^-3,"Pth mean, vol-weighted, 300+-30pc slab, +-500pc square, neutral (non-HIM) cells"
HIM_A,mean,n/a,Pth,vol,z300_p15,724.2836303710938,K cm^-3,"Pth p15, vol-weighted, 300+-30pc slab, +-500pc square, neutral (non-HIM) cells"
HIM_A,mean,n/a,Pth,vol,z300_p85,2441.12109375,K cm^-3,"Pth p85, vol-weighted, 300+-30pc slab, +-500pc square, neutral (non-HIM) cells"
HIM_A,mean,n/a,Pth,mw,z300_median,1826.0386962890625,K cm^-3,"Pth median, mw-weighted, 300+-30pc slab, +-500pc square, neutral (non-HIM) cells"
HIM_A,mean,n/a,Pth,mw,z300_mean,2132.072028435048,K cm^-3,"Pth mean, mw-weighted, 300+-30pc slab, +-500pc square, neutral (non-HIM) cells"
HIM_A,mean,n/a,Pth,mw,z300_p15,948.414306640625,K cm^-3,"Pth p15, mw-weighted, 300+-30pc slab, +-500pc square, neutral (non-HIM) cells"
HIM_A,mean,n/a,Pth,mw,z300_p85,3608.3740234375,K cm^-3,"Pth p85, mw-weighted, 300+-30pc slab, +-500pc square, neutral (non-HIM) cells"
HIM_A,mean,n/a,Ptot,vol,z300_median,1308.2464599609375,K cm^-3,"Ptot median, vol-weighted, 300+-30pc slab, +-500pc square, neutral (non-HIM) cells"
HIM_A,mean,n/a,Ptot,vol,z300_mean,1891.4934997702173,K cm^-3,"Ptot mean, vol-weighted, 300+-30pc slab, +-500pc square, neutral (non-HIM) cells"
HIM_A,mean,n/a,Ptot,vol,z300_p15,341.5604553222656,K cm^-3,"Ptot p15, vol-weighted, 300+-30pc slab, +-500pc square, neutral (non-HIM) cells"
HIM_A,mean,n/a,Ptot,vol,z300_p85,3464.081298828125,K cm^-3,"Ptot p85, vol-weighted, 300+-30pc slab, +-500pc square, neutral (non-HIM) cells"
HIM_A,mean,n/a,Ptot,mw,z300_median,2184.46240234375,K cm^-3,"Ptot median, mw-weighted, 300+-30pc slab, +-500pc square, neutral (non-HIM) cells"
HIM_A,mean,n/a,Ptot,mw,z300_mean,2992.1101096530233,K cm^-3,"Ptot mean, mw-weighted, 300+-30pc slab, +-500pc square, neutral (non-HIM) cells"
HIM_A,mean,n/a,Ptot,mw,z300_p15,596.1206665039062,K cm^-3,"Ptot p15, mw-weighted, 300+-30pc slab, +-500pc square, neutral (non-HIM) cells"
HIM_A,mean,n/a,Ptot,mw,z300_p85,5508.51611328125,K cm^-3,"Ptot p85, mw-weighted, 300+-30pc slab, +-500pc square, neutral (non-HIM) cells"
HIM_A,mean,n/a,alpha,vol,z300_median,0.9437946677207947,dimensionless,"alpha median, vol-weighted, 300+-30pc slab, +-500pc square, neutral (non-HIM) cells"
HIM_A,mean,n/a,alpha,vol,z300_mean,1.4603692343864378,dimensionless,"alpha mean, vol-weighted, 300+-30pc slab, +-500pc square, neutral (non-HIM) cells"
HIM_A,mean,n/a,alpha,vol,z300_p15,0.30176934599876404,dimensionless,"alpha p15, vol-weighted, 300+-30pc slab, +-500pc square, neutral (non-HIM) cells"
HIM_A,mean,n/a,alpha,vol,z300_p85,2.6831369400024414,dimensionless,"alpha p85, vol-weighted, 300+-30pc slab, +-500pc square, neutral (non-HIM) cells"
HIM_A,mean,n/a,alpha,mw,z300_median,1.024193525314331,dimensionless,"alpha median, mw-weighted, 300+-30pc slab, +-500pc square, neutral (non-HIM) cells"
HIM_A,mean,n/a,alpha,mw,z300_mean,1.6755537098375772,dimensionless,"alpha mean, mw-weighted, 300+-30pc slab, +-500pc square, neutral (non-HIM) cells"
HIM_A,mean,n/a,alpha,mw,z300_p15,0.35455405712127686,dimensionless,"alpha p15, mw-weighted, 300+-30pc slab, +-500pc square, neutral (non-HIM) cells"
HIM_A,mean,n/a,alpha,mw,z300_p85,3.0295300483703613,dimensionless,"alpha p85, mw-weighted, 300+-30pc slab, +-500pc square, neutral (non-HIM) cells"
HIM_A,mean,n/a,Pth,vol,box_median,1764.2626953125,K cm^-3,"Pth median, vol-weighted, STATS_BOX (|x|,|y|<=500, |z|<=400pc), neutral (non-HIM) cells"
HIM_A,mean,n/a,Pth,vol,box_mean,2249.9539798054475,K cm^-3,"Pth mean, vol-weighted, STATS_BOX (|x|,|y|<=500, |z|<=400pc), neutral (non-HIM) cells"
HIM_A,mean,n/a,Pth,vol,box_p15,933.6459350585938,K cm^-3,"Pth p15, vol-weighted, STATS_BOX (|x|,|y|<=500, |z|<=400pc), neutral (non-HIM) cells"
HIM_A,mean,n/a,Pth,vol,box_p85,3839.274658203125,K cm^-3,"Pth p85, vol-weighted, STATS_BOX (|x|,|y|<=500, |z|<=400pc), neutral (non-HIM) cells"
HIM_A,mean,n/a,Pth,mw,box_median,1978.4345703125,K cm^-3,"Pth median, mw-weighted, STATS_BOX (|x|,|y|<=500, |z|<=400pc), neutral (non-HIM) cells"
HIM_A,mean,n/a,Pth,mw,box_mean,2552.2493051731876,K cm^-3,"Pth mean, mw-weighted, STATS_BOX (|x|,|y|<=500, |z|<=400pc), neutral (non-HIM) cells"
HIM_A,mean,n/a,Pth,mw,box_p15,1056.1085205078125,K cm^-3,"Pth p15, mw-weighted, STATS_BOX (|x|,|y|<=500, |z|<=400pc), neutral (non-HIM) cells"
HIM_A,mean,n/a,Pth,mw,box_p85,4293.751953125,K cm^-3,"Pth p85, mw-weighted, STATS_BOX (|x|,|y|<=500, |z|<=400pc), neutral (non-HIM) cells"
HIM_A,mean,n/a,Ptot,vol,box_median,2068.060546875,K cm^-3,"Ptot median, vol-weighted, STATS_BOX (|x|,|y|<=500, |z|<=400pc), neutral (non-HIM) cells"
HIM_A,mean,n/a,Ptot,vol,box_mean,4341.561029046007,K cm^-3,"Ptot mean, vol-weighted, STATS_BOX (|x|,|y|<=500, |z|<=400pc), neutral (non-HIM) cells"
HIM_A,mean,n/a,Ptot,vol,box_p15,491.5309143066406,K cm^-3,"Ptot p15, vol-weighted, STATS_BOX (|x|,|y|<=500, |z|<=400pc), neutral (non-HIM) cells"
HIM_A,mean,n/a,Ptot,vol,box_p85,7602.54736328125,K cm^-3,"Ptot p85, vol-weighted, STATS_BOX (|x|,|y|<=500, |z|<=400pc), neutral (non-HIM) cells"
HIM_A,mean,n/a,Ptot,mw,box_median,5325.04150390625,K cm^-3,"Ptot median, mw-weighted, STATS_BOX (|x|,|y|<=500, |z|<=400pc), neutral (non-HIM) cells"
HIM_A,mean,n/a,Ptot,mw,box_mean,9477.593885813909,K cm^-3,"Ptot mean, mw-weighted, STATS_BOX (|x|,|y|<=500, |z|<=400pc), neutral (non-HIM) cells"
HIM_A,mean,n/a,Ptot,mw,box_p15,1502.7738037109375,K cm^-3,"Ptot p15, mw-weighted, STATS_BOX (|x|,|y|<=500, |z|<=400pc), neutral (non-HIM) cells"
HIM_A,mean,n/a,Ptot,mw,box_p85,17214.021484375,K cm^-3,"Ptot p85, mw-weighted, STATS_BOX (|x|,|y|<=500, |z|<=400pc), neutral (non-HIM) cells"
HIM_A,mean,n/a,alpha,vol,box_median,1.0109137296676636,dimensionless,"alpha median, vol-weighted, STATS_BOX (|x|,|y|<=500, |z|<=400pc), neutral (non-HIM) cells"
HIM_A,mean,n/a,alpha,vol,box_mean,2.357871754145763,dimensionless,"alpha mean, vol-weighted, STATS_BOX (|x|,|y|<=500, |z|<=400pc), neutral (non-HIM) cells"
HIM_A,mean,n/a,alpha,vol,box_p15,0.3011232018470764,dimensionless,"alpha p15, vol-weighted, STATS_BOX (|x|,|y|<=500, |z|<=400pc), neutral (non-HIM) cells"
HIM_A,mean,n/a,alpha,vol,box_p85,3.9259443283081055,dimensionless,"alpha p85, vol-weighted, STATS_BOX (|x|,|y|<=500, |z|<=400pc), neutral (non-HIM) cells"
HIM_A,mean,n/a,alpha,mw,box_median,2.5425713062286377,dimensionless,"alpha median, mw-weighted, STATS_BOX (|x|,|y|<=500, |z|<=400pc), neutral (non-HIM) cells"
HIM_A,mean,n/a,alpha,mw,box_mean,5.859158012003513,dimensionless,"alpha mean, mw-weighted, STATS_BOX (|x|,|y|<=500, |z|<=400pc), neutral (non-HIM) cells"
HIM_A,mean,n/a,alpha,mw,box_p15,0.5126200318336487,dimensionless,"alpha p15, mw-weighted, STATS_BOX (|x|,|y|<=500, |z|<=400pc), neutral (non-HIM) cells"
HIM_A,mean,n/a,alpha,mw,box_p85,10.667033195495605,dimensionless,"alpha p85, mw-weighted, STATS_BOX (|x|,|y|<=500, |z|<=400pc), neutral (non-HIM) cells"
HIM_A,mean,n/a,Mach,vol,midplane,2.333408711465722,dimensionless,"Mach number at the z=0 plane, from volume-weighted mean alpha, neutral cells"
HIM_A,mean,n/a,sigma_eff,vol,midplane,13.666193034726914,km/s,"Effective turbulent velocity dispersion at the z=0 plane, neutral cells, all neutral phases"
HIM_B,n/a,n/a,Sigma_gas,vol,median,3.7544705867767334,Msun/pc^2,"Full-column (+-750pc) trapezoid of variant density, +-500pc square footprint, unweighted median"
HIM_B,n/a,n/a,Sigma_gas,vol,mean,5.886744153402254,Msun/pc^2,"Full-column (+-750pc) trapezoid of variant density, +-500pc square footprint, unweighted mean"
HIM_B,n/a,n/a,Sigma_gas,vol,p15,1.066096305847168,Msun/pc^2,"Full-column (+-750pc) trapezoid of variant density, +-500pc square footprint, unweighted p15"
HIM_B,n/a,n/a,Sigma_gas,vol,p85,11.213643074035645,Msun/pc^2,"Full-column (+-750pc) trapezoid of variant density, +-500pc square footprint, unweighted p85"
HIM_B,n/a,dPdn,phase_fraction_CNM,vol,z0,0.022659593567998893,dimensionless,"Volume fraction of CNM, 0+-30pc slab, dPdn scheme"
HIM_B,n/a,dPdn,phase_fraction_CNM,mw,z0,0.2779237202511739,dimensionless,"Mass fraction of CNM, 0+-30pc slab, dPdn scheme"
HIM_B,n/a,dPdn,phase_fraction_UNM,vol,z0,0.176814357891647,dimensionless,"Volume fraction of UNM, 0+-30pc slab, dPdn scheme"
HIM_B,n/a,dPdn,phase_fraction_UNM,mw,z0,0.5205347237361144,dimensionless,"Mass fraction of UNM, 0+-30pc slab, dPdn scheme"
HIM_B,n/a,dPdn,phase_fraction_WNM,vol,z0,0.33689211622470083,dimensionless,"Volume fraction of WNM, 0+-30pc slab, dPdn scheme"
HIM_B,n/a,dPdn,phase_fraction_WNM,mw,z0,0.19687195334329932,dimensionless,"Mass fraction of WNM, 0+-30pc slab, dPdn scheme"
HIM_B,n/a,dPdn,phase_fraction_HIM,vol,z0,0.4636339323156533,dimensionless,"Volume fraction of HIM, 0+-30pc slab, dPdn scheme"
HIM_B,n/a,dPdn,phase_fraction_HIM,mw,z0,0.004669602669412042,dimensionless,"Mass fraction of HIM, 0+-30pc slab, dPdn scheme"
HIM_B,n/a,dPdn,phase_fraction_CNM,vol,z150,0.004054475557287974,dimensionless,"Volume fraction of CNM, 150+-30pc slab, dPdn scheme"
HIM_B,n/a,dPdn,phase_fraction_CNM,mw,z150,0.23825313271957235,dimensionless,"Mass fraction of CNM, 150+-30pc slab, dPdn scheme"
HIM_B,n/a,dPdn,phase_fraction_UNM,vol,z150,0.025260405722583548,dimensionless,"Volume fraction of UNM, 150+-30pc slab, dPdn scheme"
HIM_B,n/a,dPdn,phase_fraction_UNM,mw,z150,0.29790608876860153,dimensionless,"Mass fraction of UNM, 150+-30pc slab, dPdn scheme"
HIM_B,n/a,dPdn,phase_fraction_WNM,vol,z150,0.22663500505267234,dimensionless,"Volume fraction of WNM, 150+-30pc slab, dPdn scheme"
HIM_B,n/a,dPdn,phase_fraction_WNM,mw,z150,0.4281122610528579,dimensionless,"Mass fraction of WNM, 150+-30pc slab, dPdn scheme"
HIM_B,n/a,dPdn,phase_fraction_HIM,vol,z150,0.7440501136674561,dimensionless,"Volume fraction of HIM, 150+-30pc slab, dPdn scheme"
HIM_B,n/a,dPdn,phase_fraction_HIM,mw,z150,0.03572851745896821,dimensionless,"Mass fraction of HIM, 150+-30pc slab, dPdn scheme"
HIM_B,n/a,dPdn,phase_fraction_CNM,vol,z300,2.339021654071292e-05,dimensionless,"Volume fraction of CNM, 300+-30pc slab, dPdn scheme"
HIM_B,n/a,dPdn,phase_fraction_CNM,mw,z300,0.0037097646719532152,dimensionless,"Mass fraction of CNM, 300+-30pc slab, dPdn scheme"
HIM_B,n/a,dPdn,phase_fraction_UNM,vol,z300,0.0053157480030602625,dimensionless,"Volume fraction of UNM, 300+-30pc slab, dPdn scheme"
HIM_B,n/a,dPdn,phase_fraction_UNM,mw,z300,0.19400823399059658,dimensionless,"Mass fraction of UNM, 300+-30pc slab, dPdn scheme"
HIM_B,n/a,dPdn,phase_fraction_WNM,vol,z300,0.12407224698115199,dimensionless,"Volume fraction of WNM, 300+-30pc slab, dPdn scheme"
HIM_B,n/a,dPdn,phase_fraction_WNM,mw,z300,0.6677030109356541,dimensionless,"Mass fraction of WNM, 300+-30pc slab, dPdn scheme"
HIM_B,n/a,dPdn,phase_fraction_HIM,vol,z300,0.8705886147992471,dimensionless,"Volume fraction of HIM, 300+-30pc slab, dPdn scheme"
HIM_B,n/a,dPdn,phase_fraction_HIM,mw,z300,0.13457899040179608,dimensionless,"Mass fraction of HIM, 300+-30pc slab, dPdn scheme"
HIM_B,n/a,dPdn,phase_fraction_CNM,vol,box,0.005819392419584899,dimensionless,"Volume fraction of CNM, STATS_BOX (|x|,|y|<=500, |z|<=400pc), dPdn scheme"
HIM_B,n/a,dPdn,phase_fraction_CNM,mw,box,0.24026440092881365,dimensionless,"Mass fraction of CNM, STATS_BOX (|x|,|y|<=500, |z|<=400pc), dPdn scheme"
HIM_B,n/a,dPdn,phase_fraction_UNM,vol,box,0.049595136783043885,dimensionless,"Volume fraction of UNM, STATS_BOX (|x|,|y|<=500, |z|<=400pc), dPdn scheme"
HIM_B,n/a,dPdn,phase_fraction_UNM,mw,box,0.43527403888425653,dimensionless,"Mass fraction of UNM, STATS_BOX (|x|,|y|<=500, |z|<=400pc), dPdn scheme"
HIM_B,n/a,dPdn,phase_fraction_WNM,vol,box,0.2381268493222464,dimensionless,"Volume fraction of WNM, STATS_BOX (|x|,|y|<=500, |z|<=400pc), dPdn scheme"
HIM_B,n/a,dPdn,phase_fraction_WNM,mw,box,0.30587665967334177,dimensionless,"Mass fraction of WNM, STATS_BOX (|x|,|y|<=500, |z|<=400pc), dPdn scheme"
HIM_B,n/a,dPdn,phase_fraction_HIM,vol,box,0.7064586214751248,dimensionless,"Volume fraction of HIM, STATS_BOX (|x|,|y|<=500, |z|<=400pc), dPdn scheme"
HIM_B,n/a,dPdn,phase_fraction_HIM,mw,box,0.01858490051358569,dimensionless,"Mass fraction of HIM, STATS_BOX (|x|,|y|<=500, |z|<=400pc), dPdn scheme"
HIM_B,n/a,temperature,phase_fraction_CNM,vol,z0,0.028287768034852966,dimensionless,"Volume fraction of CNM, 0+-30pc slab, temperature scheme"
HIM_B,n/a,temperature,phase_fraction_CNM,mw,z0,0.3052127529362292,dimensionless,"Mass fraction of CNM, 0+-30pc slab, temperature scheme"
HIM_B,n/a,temperature,phase_fraction_UNM,vol,z0,0.1648625998277092,dimensionless,"Volume fraction of UNM, 0+-30pc slab, temperature scheme"
HIM_B,n/a,temperature,phase_fraction_UNM,mw,z0,0.48469091008172127,dimensionless,"Mass fraction of UNM, 0+-30pc slab, temperature scheme"
HIM_B,n/a,temperature,phase_fraction_WNM,vol,z0,0.34321569982178457,dimensionless,"Volume fraction of WNM, 0+-30pc slab, temperature scheme"
HIM_B,n/a,temperature,phase_fraction_WNM,mw,z0,0.20542673431263722,dimensionless,"Mass fraction of WNM, 0+-30pc slab, temperature scheme"
HIM_B,n/a,temperature,phase_fraction_HIM,vol,z0,0.4636339323156533,dimensionless,"Volume fraction of HIM, 0+-30pc slab, temperature scheme"
HIM_B,n/a,temperature,phase_fraction_HIM,mw,z0,0.004669602669412042,dimensionless,"Mass fraction of HIM, 0+-30pc slab, temperature scheme"
HIM_B,n/a,temperature,phase_fraction_CNM,vol,z150,0.005146875780343248,dimensionless,"Volume fraction of CNM, 150+-30pc slab, temperature scheme"
HIM_B,n/a,temperature,phase_fraction_CNM,mw,z150,0.26997874449296605,dimensionless,"Mass fraction of CNM, 150+-30pc slab, temperature scheme"
HIM_B,n/a,temperature,phase_fraction_UNM,vol,z150,0.02287871620097645,dimensionless,"Volume fraction of UNM, 150+-30pc slab, temperature scheme"
HIM_B,n/a,temperature,phase_fraction_UNM,mw,z150,0.258273771502388,dimensionless,"Mass fraction of UNM, 150+-30pc slab, temperature scheme"
HIM_B,n/a,temperature,phase_fraction_WNM,vol,z150,0.22792429435122416,dimensionless,"Volume fraction of WNM, 150+-30pc slab, temperature scheme"
HIM_B,n/a,temperature,phase_fraction_WNM,mw,z150,0.43601896654567773,dimensionless,"Mass fraction of WNM, 150+-30pc slab, temperature scheme"
HIM_B,n/a,temperature,phase_fraction_HIM,vol,z150,0.7440501136674561,dimensionless,"Volume fraction of HIM, 150+-30pc slab, temperature scheme"
HIM_B,n/a,temperature,phase_fraction_HIM,mw,z150,0.03572851745896821,dimensionless,"Mass fraction of HIM, 150+-30pc slab, temperature scheme"
HIM_B,n/a,temperature,phase_fraction_CNM,vol,z300,5.3591869766358723e-05,dimensionless,"Volume fraction of CNM, 300+-30pc slab, temperature scheme"
HIM_B,n/a,temperature,phase_fraction_CNM,mw,z300,0.0073368333966866905,dimensionless,"Mass fraction of CNM, 300+-30pc slab, temperature scheme"
HIM_B,n/a,temperature,phase_fraction_UNM,vol,z300,0.004877759772451748,dimensionless,"Volume fraction of UNM, 300+-30pc slab, temperature scheme"
HIM_B,n/a,temperature,phase_fraction_UNM,mw,z300,0.18144605444637354,dimensionless,"Mass fraction of UNM, 300+-30pc slab, temperature scheme"
HIM_B,n/a,temperature,phase_fraction_WNM,vol,z300,0.12448003355853485,dimensionless,"Volume fraction of WNM, 300+-30pc slab, temperature scheme"
HIM_B,n/a,temperature,phase_fraction_WNM,mw,z300,0.6766381217551437,dimensionless,"Mass fraction of WNM, 300+-30pc slab, temperature scheme"
HIM_B,n/a,temperature,phase_fraction_HIM,vol,z300,0.8705886147992471,dimensionless,"Volume fraction of HIM, 300+-30pc slab, temperature scheme"
HIM_B,n/a,temperature,phase_fraction_HIM,mw,z300,0.13457899040179608,dimensionless,"Mass fraction of HIM, 300+-30pc slab, temperature scheme"
HIM_B,n/a,temperature,phase_fraction_CNM,vol,box,0.007261468720142306,dimensionless,"Volume fraction of CNM, STATS_BOX (|x|,|y|<=500, |z|<=400pc), temperature scheme"
HIM_B,n/a,temperature,phase_fraction_CNM,mw,box,0.2649901952161864,dimensionless,"Mass fraction of CNM, STATS_BOX (|x|,|y|<=500, |z|<=400pc), temperature scheme"
HIM_B,n/a,temperature,phase_fraction_UNM,vol,box,0.046059100558371764,dimensionless,"Volume fraction of UNM, STATS_BOX (|x|,|y|<=500, |z|<=400pc), temperature scheme"
HIM_B,n/a,temperature,phase_fraction_UNM,mw,box,0.40190241412432554,dimensionless,"Mass fraction of UNM, STATS_BOX (|x|,|y|<=500, |z|<=400pc), temperature scheme"
HIM_B,n/a,temperature,phase_fraction_WNM,vol,box,0.2402208092463611,dimensionless,"Volume fraction of WNM, STATS_BOX (|x|,|y|<=500, |z|<=400pc), temperature scheme"
HIM_B,n/a,temperature,phase_fraction_WNM,mw,box,0.31452249014590006,dimensionless,"Mass fraction of WNM, STATS_BOX (|x|,|y|<=500, |z|<=400pc), temperature scheme"
HIM_B,n/a,temperature,phase_fraction_HIM,vol,box,0.7064586214751248,dimensionless,"Volume fraction of HIM, STATS_BOX (|x|,|y|<=500, |z|<=400pc), temperature scheme"
HIM_B,n/a,temperature,phase_fraction_HIM,mw,box,0.01858490051358569,dimensionless,"Mass fraction of HIM, STATS_BOX (|x|,|y|<=500, |z|<=400pc), temperature scheme"
HIM_B,off,n/a,Pth,vol,z0_median,2604.982421875,K cm^-3,"Pth median, vol-weighted, 0+-30pc slab, +-500pc square, neutral (non-HIM) cells"
HIM_B,off,n/a,Pth,vol,z0_mean,3051.327520309253,K cm^-3,"Pth mean, vol-weighted, 0+-30pc slab, +-500pc square, neutral (non-HIM) cells"
HIM_B,off,n/a,Pth,vol,z0_p15,1288.46923828125,K cm^-3,"Pth p15, vol-weighted, 0+-30pc slab, +-500pc square, neutral (non-HIM) cells"
HIM_B,off,n/a,Pth,vol,z0_p85,4876.56640625,K cm^-3,"Pth p85, vol-weighted, 0+-30pc slab, +-500pc square, neutral (non-HIM) cells"
HIM_B,off,n/a,Pth,mw,z0_median,2164.08251953125,K cm^-3,"Pth median, mw-weighted, 0+-30pc slab, +-500pc square, neutral (non-HIM) cells"
HIM_B,off,n/a,Pth,mw,z0_mean,2803.674502078496,K cm^-3,"Pth mean, mw-weighted, 0+-30pc slab, +-500pc square, neutral (non-HIM) cells"
HIM_B,off,n/a,Pth,mw,z0_p15,1081.4775390625,K cm^-3,"Pth p15, mw-weighted, 0+-30pc slab, +-500pc square, neutral (non-HIM) cells"
HIM_B,off,n/a,Pth,mw,z0_p85,4734.73974609375,K cm^-3,"Pth p85, mw-weighted, 0+-30pc slab, +-500pc square, neutral (non-HIM) cells"
HIM_B,off,n/a,Ptot,vol,z0_median,3020.663818359375,K cm^-3,"Ptot median, vol-weighted, 0+-30pc slab, +-500pc square, neutral (non-HIM) cells"
HIM_B,off,n/a,Ptot,vol,z0_mean,5032.83597431845,K cm^-3,"Ptot mean, vol-weighted, 0+-30pc slab, +-500pc square, neutral (non-HIM) cells"
HIM_B,off,n/a,Ptot,vol,z0_p15,1097.912841796875,K cm^-3,"Ptot p15, vol-weighted, 0+-30pc slab, +-500pc square, neutral (non-HIM) cells"
HIM_B,off,n/a,Ptot,vol,z0_p85,8565.830078125,K cm^-3,"Ptot p85, vol-weighted, 0+-30pc slab, +-500pc square, neutral (non-HIM) cells"
HIM_B,off,n/a,Ptot,mw,z0_median,4282.46337890625,K cm^-3,"Ptot median, mw-weighted, 0+-30pc slab, +-500pc square, neutral (non-HIM) cells"
HIM_B,off,n/a,Ptot,mw,z0_mean,6491.8454180635645,K cm^-3,"Ptot mean, mw-weighted, 0+-30pc slab, +-500pc square, neutral (non-HIM) cells"
HIM_B,off,n/a,Ptot,mw,z0_p15,1757.04150390625,K cm^-3,"Ptot p15, mw-weighted, 0+-30pc slab, +-500pc square, neutral (non-HIM) cells"
HIM_B,off,n/a,Ptot,mw,z0_p85,10583.3359375,K cm^-3,"Ptot p85, mw-weighted, 0+-30pc slab, +-500pc square, neutral (non-HIM) cells"
HIM_B,off,n/a,alpha,vol,z0_median,1.1502782106399536,dimensionless,"alpha median, vol-weighted, 0+-30pc slab, +-500pc square, neutral (non-HIM) cells"
HIM_B,off,n/a,alpha,vol,z0_mean,2.356763021667068,dimensionless,"alpha mean, vol-weighted, 0+-30pc slab, +-500pc square, neutral (non-HIM) cells"
HIM_B,off,n/a,alpha,vol,z0_p15,0.365764856338501,dimensionless,"alpha p15, vol-weighted, 0+-30pc slab, +-500pc square, neutral (non-HIM) cells"
HIM_B,off,n/a,alpha,vol,z0_p85,4.017303943634033,dimensionless,"alpha p85, vol-weighted, 0+-30pc slab, +-500pc square, neutral (non-HIM) cells"
HIM_B,off,n/a,alpha,mw,z0_median,2.0550496578216553,dimensionless,"alpha median, mw-weighted, 0+-30pc slab, +-500pc square, neutral (non-HIM) cells"
HIM_B,off,n/a,alpha,mw,z0_mean,3.7278542750153743,dimensionless,"alpha mean, mw-weighted, 0+-30pc slab, +-500pc square, neutral (non-HIM) cells"
HIM_B,off,n/a,alpha,mw,z0_p15,0.5456280708312988,dimensionless,"alpha p15, mw-weighted, 0+-30pc slab, +-500pc square, neutral (non-HIM) cells"
HIM_B,off,n/a,alpha,mw,z0_p85,6.112221717834473,dimensionless,"alpha p85, mw-weighted, 0+-30pc slab, +-500pc square, neutral (non-HIM) cells"
HIM_B,off,n/a,Pth,vol,z150_median,1457.40966796875,K cm^-3,"Pth median, vol-weighted, 150+-30pc slab, +-500pc square, neutral (non-HIM) cells"
HIM_B,off,n/a,Pth,vol,z150_mean,1820.5503794142996,K cm^-3,"Pth mean, vol-weighted, 150+-30pc slab, +-500pc square, neutral (non-HIM) cells"
HIM_B,off,n/a,Pth,vol,z150_p15,864.5088500976562,K cm^-3,"Pth p15, vol-weighted, 150+-30pc slab, +-500pc square, neutral (non-HIM) cells"
HIM_B,off,n/a,Pth,vol,z150_p85,3053.181640625,K cm^-3,"Pth p85, vol-weighted, 150+-30pc slab, +-500pc square, neutral (non-HIM) cells"
HIM_B,off,n/a,Pth,mw,z150_median,1412.6505126953125,K cm^-3,"Pth median, mw-weighted, 150+-30pc slab, +-500pc square, neutral (non-HIM) cells"
HIM_B,off,n/a,Pth,mw,z150_mean,1939.718750718285,K cm^-3,"Pth mean, mw-weighted, 150+-30pc slab, +-500pc square, neutral (non-HIM) cells"
HIM_B,off,n/a,Pth,mw,z150_p15,871.5074462890625,K cm^-3,"Pth p15, mw-weighted, 150+-30pc slab, +-500pc square, neutral (non-HIM) cells"
HIM_B,off,n/a,Pth,mw,z150_p85,3444.6416015625,K cm^-3,"Pth p85, mw-weighted, 150+-30pc slab, +-500pc square, neutral (non-HIM) cells"
HIM_B,off,n/a,Ptot,vol,z150_median,1900.838623046875,K cm^-3,"Ptot median, vol-weighted, 150+-30pc slab, +-500pc square, neutral (non-HIM) cells"
HIM_B,off,n/a,Ptot,vol,z150_mean,3015.3346122355615,K cm^-3,"Ptot mean, vol-weighted, 150+-30pc slab, +-500pc square, neutral (non-HIM) cells"
HIM_B,off,n/a,Ptot,vol,z150_p15,754.4655151367188,K cm^-3,"Ptot p15, vol-weighted, 150+-30pc slab, +-500pc square, neutral (non-HIM) cells"
HIM_B,off,n/a,Ptot,vol,z150_p85,4710.22509765625,K cm^-3,"Ptot p85, vol-weighted, 150+-30pc slab, +-500pc square, neutral (non-HIM) cells"
HIM_B,off,n/a,Ptot,mw,z150_median,3922.439697265625,K cm^-3,"Ptot median, mw-weighted, 150+-30pc slab, +-500pc square, neutral (non-HIM) cells"
HIM_B,off,n/a,Ptot,mw,z150_mean,8458.22514706607,K cm^-3,"Ptot mean, mw-weighted, 150+-30pc slab, +-500pc square, neutral (non-HIM) cells"
HIM_B,off,n/a,Ptot,mw,z150_p15,1295.305908203125,K cm^-3,"Ptot p15, mw-weighted, 150+-30pc slab, +-500pc square, neutral (non-HIM) cells"
HIM_B,off,n/a,Ptot,mw,z150_p85,15820.982421875,K cm^-3,"Ptot p85, mw-weighted, 150+-30pc slab, +-500pc square, neutral (non-HIM) cells"
HIM_B,off,n/a,alpha,vol,z150_median,1.1397689580917358,dimensionless,"alpha median, vol-weighted, 150+-30pc slab, +-500pc square, neutral (non-HIM) cells"
HIM_B,off,n/a,alpha,vol,z150_mean,2.2246372706910114,dimensionless,"alpha mean, vol-weighted, 150+-30pc slab, +-500pc square, neutral (non-HIM) cells"
HIM_B,off,n/a,alpha,vol,z150_p15,0.48390790820121765,dimensionless,"alpha p15, vol-weighted, 150+-30pc slab, +-500pc square, neutral (non-HIM) cells"
HIM_B,off,n/a,alpha,vol,z150_p85,3.3701820373535156,dimensionless,"alpha p85, vol-weighted, 150+-30pc slab, +-500pc square, neutral (non-HIM) cells"
HIM_B,off,n/a,alpha,mw,z150_median,2.1507272720336914,dimensionless,"alpha median, mw-weighted, 150+-30pc slab, +-500pc square, neutral (non-HIM) cells"
HIM_B,off,n/a,alpha,mw,z150_mean,7.668500651649966,dimensionless,"alpha mean, mw-weighted, 150+-30pc slab, +-500pc square, neutral (non-HIM) cells"
HIM_B,off,n/a,alpha,mw,z150_p15,0.5277470350265503,dimensionless,"alpha p15, mw-weighted, 150+-30pc slab, +-500pc square, neutral (non-HIM) cells"
HIM_B,off,n/a,alpha,mw,z150_p85,16.78664207458496,dimensionless,"alpha p85, mw-weighted, 150+-30pc slab, +-500pc square, neutral (non-HIM) cells"
HIM_B,off,n/a,Pth,vol,z300_median,1128.3734130859375,K cm^-3,"Pth median, vol-weighted, 300+-30pc slab, +-500pc square, neutral (non-HIM) cells"
HIM_B,off,n/a,Pth,vol,z300_mean,1482.6995787174285,K cm^-3,"Pth mean, vol-weighted, 300+-30pc slab, +-500pc square, neutral (non-HIM) cells"
HIM_B,off,n/a,Pth,vol,z300_p15,724.2836303710938,K cm^-3,"Pth p15, vol-weighted, 300+-30pc slab, +-500pc square, neutral (non-HIM) cells"
HIM_B,off,n/a,Pth,vol,z300_p85,2441.12109375,K cm^-3,"Pth p85, vol-weighted, 300+-30pc slab, +-500pc square, neutral (non-HIM) cells"
HIM_B,off,n/a,Pth,mw,z300_median,1826.0386962890625,K cm^-3,"Pth median, mw-weighted, 300+-30pc slab, +-500pc square, neutral (non-HIM) cells"
HIM_B,off,n/a,Pth,mw,z300_mean,2132.072028435048,K cm^-3,"Pth mean, mw-weighted, 300+-30pc slab, +-500pc square, neutral (non-HIM) cells"
HIM_B,off,n/a,Pth,mw,z300_p15,948.414306640625,K cm^-3,"Pth p15, mw-weighted, 300+-30pc slab, +-500pc square, neutral (non-HIM) cells"
HIM_B,off,n/a,Pth,mw,z300_p85,3608.3740234375,K cm^-3,"Pth p85, mw-weighted, 300+-30pc slab, +-500pc square, neutral (non-HIM) cells"
HIM_B,off,n/a,Ptot,vol,z300_median,1357.4810791015625,K cm^-3,"Ptot median, vol-weighted, 300+-30pc slab, +-500pc square, neutral (non-HIM) cells"
HIM_B,off,n/a,Ptot,vol,z300_mean,1853.8291407752272,K cm^-3,"Ptot mean, vol-weighted, 300+-30pc slab, +-500pc square, neutral (non-HIM) cells"
HIM_B,off,n/a,Ptot,vol,z300_p15,576.9599609375,K cm^-3,"Ptot p15, vol-weighted, 300+-30pc slab, +-500pc square, neutral (non-HIM) cells"
HIM_B,off,n/a,Ptot,vol,z300_p85,3156.233642578125,K cm^-3,"Ptot p85, vol-weighted, 300+-30pc slab, +-500pc square, neutral (non-HIM) cells"
HIM_B,off,n/a,Ptot,mw,z300_median,2086.953369140625,K cm^-3,"Ptot median, mw-weighted, 300+-30pc slab, +-500pc square, neutral (non-HIM) cells"
HIM_B,off,n/a,Ptot,mw,z300_mean,2774.3381946738514,K cm^-3,"Ptot mean, mw-weighted, 300+-30pc slab, +-500pc square, neutral (non-HIM) cells"
HIM_B,off,n/a,Ptot,mw,z300_p15,786.2245483398438,K cm^-3,"Ptot p15, mw-weighted, 300+-30pc slab, +-500pc square, neutral (non-HIM) cells"
HIM_B,off,n/a,Ptot,mw,z300_p85,4874.134765625,K cm^-3,"Ptot p85, mw-weighted, 300+-30pc slab, +-500pc square, neutral (non-HIM) cells"
HIM_B,off,n/a,alpha,vol,z300_median,1.0069341659545898,dimensionless,"alpha median, vol-weighted, 300+-30pc slab, +-500pc square, neutral (non-HIM) cells"
HIM_B,off,n/a,alpha,vol,z300_mean,1.4653846431420765,dimensionless,"alpha mean, vol-weighted, 300+-30pc slab, +-500pc square, neutral (non-HIM) cells"
HIM_B,off,n/a,alpha,vol,z300_p15,0.5153122544288635,dimensionless,"alpha p15, vol-weighted, 300+-30pc slab, +-500pc square, neutral (non-HIM) cells"
HIM_B,off,n/a,alpha,vol,z300_p85,2.504732131958008,dimensionless,"alpha p85, vol-weighted, 300+-30pc slab, +-500pc square, neutral (non-HIM) cells"
HIM_B,off,n/a,alpha,mw,z300_median,1.0047688484191895,dimensionless,"alpha median, mw-weighted, 300+-30pc slab, +-500pc square, neutral (non-HIM) cells"
HIM_B,off,n/a,alpha,mw,z300_mean,1.5758053566407657,dimensionless,"alpha mean, mw-weighted, 300+-30pc slab, +-500pc square, neutral (non-HIM) cells"
HIM_B,off,n/a,alpha,mw,z300_p15,0.48532554507255554,dimensionless,"alpha p15, mw-weighted, 300+-30pc slab, +-500pc square, neutral (non-HIM) cells"
HIM_B,off,n/a,alpha,mw,z300_p85,2.7327487468719482,dimensionless,"alpha p85, mw-weighted, 300+-30pc slab, +-500pc square, neutral (non-HIM) cells"
HIM_B,off,n/a,Pth,vol,box_median,1764.2626953125,K cm^-3,"Pth median, vol-weighted, STATS_BOX (|x|,|y|<=500, |z|<=400pc), neutral (non-HIM) cells"
HIM_B,off,n/a,Pth,vol,box_mean,2249.9539798054475,K cm^-3,"Pth mean, vol-weighted, STATS_BOX (|x|,|y|<=500, |z|<=400pc), neutral (non-HIM) cells"
HIM_B,off,n/a,Pth,vol,box_p15,933.6459350585938,K cm^-3,"Pth p15, vol-weighted, STATS_BOX (|x|,|y|<=500, |z|<=400pc), neutral (non-HIM) cells"
HIM_B,off,n/a,Pth,vol,box_p85,3839.274658203125,K cm^-3,"Pth p85, vol-weighted, STATS_BOX (|x|,|y|<=500, |z|<=400pc), neutral (non-HIM) cells"
HIM_B,off,n/a,Pth,mw,box_median,1978.4345703125,K cm^-3,"Pth median, mw-weighted, STATS_BOX (|x|,|y|<=500, |z|<=400pc), neutral (non-HIM) cells"
HIM_B,off,n/a,Pth,mw,box_mean,2552.2493051731876,K cm^-3,"Pth mean, mw-weighted, STATS_BOX (|x|,|y|<=500, |z|<=400pc), neutral (non-HIM) cells"
HIM_B,off,n/a,Pth,mw,box_p15,1056.1085205078125,K cm^-3,"Pth p15, mw-weighted, STATS_BOX (|x|,|y|<=500, |z|<=400pc), neutral (non-HIM) cells"
HIM_B,off,n/a,Pth,mw,box_p85,4293.751953125,K cm^-3,"Pth p85, mw-weighted, STATS_BOX (|x|,|y|<=500, |z|<=400pc), neutral (non-HIM) cells"
HIM_B,off,n/a,Ptot,vol,box_median,1968.5841064453125,K cm^-3,"Ptot median, vol-weighted, STATS_BOX (|x|,|y|<=500, |z|<=400pc), neutral (non-HIM) cells"
HIM_B,off,n/a,Ptot,vol,box_mean,3764.7136327216826,K cm^-3,"Ptot mean, vol-weighted, STATS_BOX (|x|,|y|<=500, |z|<=400pc), neutral (non-HIM) cells"
HIM_B,off,n/a,Ptot,vol,box_p15,722.414794921875,K cm^-3,"Ptot p15, vol-weighted, STATS_BOX (|x|,|y|<=500, |z|<=400pc), neutral (non-HIM) cells"
HIM_B,off,n/a,Ptot,vol,box_p85,6360.9072265625,K cm^-3,"Ptot p85, vol-weighted, STATS_BOX (|x|,|y|<=500, |z|<=400pc), neutral (non-HIM) cells"
HIM_B,off,n/a,Ptot,mw,box_median,4448.01220703125,K cm^-3,"Ptot median, mw-weighted, STATS_BOX (|x|,|y|<=500, |z|<=400pc), neutral (non-HIM) cells"
HIM_B,off,n/a,Ptot,mw,box_mean,7664.72003375984,K cm^-3,"Ptot mean, mw-weighted, STATS_BOX (|x|,|y|<=500, |z|<=400pc), neutral (non-HIM) cells"
HIM_B,off,n/a,Ptot,mw,box_p15,1509.453857421875,K cm^-3,"Ptot p15, mw-weighted, STATS_BOX (|x|,|y|<=500, |z|<=400pc), neutral (non-HIM) cells"
HIM_B,off,n/a,Ptot,mw,box_p85,13660.0234375,K cm^-3,"Ptot p85, mw-weighted, STATS_BOX (|x|,|y|<=500, |z|<=400pc), neutral (non-HIM) cells"
HIM_B,off,n/a,alpha,vol,box_median,1.001636266708374,dimensionless,"alpha median, vol-weighted, STATS_BOX (|x|,|y|<=500, |z|<=400pc), neutral (non-HIM) cells"
HIM_B,off,n/a,alpha,vol,box_mean,2.081027352505621,dimensionless,"alpha mean, vol-weighted, STATS_BOX (|x|,|y|<=500, |z|<=400pc), neutral (non-HIM) cells"
HIM_B,off,n/a,alpha,vol,box_p15,0.45089277625083923,dimensionless,"alpha p15, vol-weighted, STATS_BOX (|x|,|y|<=500, |z|<=400pc), neutral (non-HIM) cells"
HIM_B,off,n/a,alpha,vol,box_p85,3.3621747493743896,dimensionless,"alpha p85, vol-weighted, STATS_BOX (|x|,|y|<=500, |z|<=400pc), neutral (non-HIM) cells"
HIM_B,off,n/a,alpha,mw,box_median,2.148289203643799,dimensionless,"alpha median, mw-weighted, STATS_BOX (|x|,|y|<=500, |z|<=400pc), neutral (non-HIM) cells"
HIM_B,off,n/a,alpha,mw,box_mean,4.721248982490411,dimensionless,"alpha mean, mw-weighted, STATS_BOX (|x|,|y|<=500, |z|<=400pc), neutral (non-HIM) cells"
HIM_B,off,n/a,alpha,mw,box_p15,0.5355440974235535,dimensionless,"alpha p15, mw-weighted, STATS_BOX (|x|,|y|<=500, |z|<=400pc), neutral (non-HIM) cells"
HIM_B,off,n/a,alpha,mw,box_p85,8.462136268615723,dimensionless,"alpha p85, mw-weighted, STATS_BOX (|x|,|y|<=500, |z|<=400pc), neutral (non-HIM) cells"
HIM_B,off,n/a,Mach,vol,midplane,1.9845428455932912,dimensionless,"Mach number at the z=0 plane, from volume-weighted mean alpha, neutral cells"
HIM_B,off,n/a,sigma_eff,vol,midplane,11.622972640968724,km/s,"Effective turbulent velocity dispersion at the z=0 plane, neutral cells, all neutral phases"
HIM_B,mean,n/a,Pth,vol,z0_median,2604.982421875,K cm^-3,"Pth median, vol-weighted, 0+-30pc slab, +-500pc square, neutral (non-HIM) cells"
HIM_B,mean,n/a,Pth,vol,z0_mean,3051.327520309253,K cm^-3,"Pth mean, vol-weighted, 0+-30pc slab, +-500pc square, neutral (non-HIM) cells"
HIM_B,mean,n/a,Pth,vol,z0_p15,1288.46923828125,K cm^-3,"Pth p15, vol-weighted, 0+-30pc slab, +-500pc square, neutral (non-HIM) cells"
HIM_B,mean,n/a,Pth,vol,z0_p85,4876.56640625,K cm^-3,"Pth p85, vol-weighted, 0+-30pc slab, +-500pc square, neutral (non-HIM) cells"
HIM_B,mean,n/a,Pth,mw,z0_median,2164.08251953125,K cm^-3,"Pth median, mw-weighted, 0+-30pc slab, +-500pc square, neutral (non-HIM) cells"
HIM_B,mean,n/a,Pth,mw,z0_mean,2803.674502078496,K cm^-3,"Pth mean, mw-weighted, 0+-30pc slab, +-500pc square, neutral (non-HIM) cells"
HIM_B,mean,n/a,Pth,mw,z0_p15,1081.4775390625,K cm^-3,"Pth p15, mw-weighted, 0+-30pc slab, +-500pc square, neutral (non-HIM) cells"
HIM_B,mean,n/a,Pth,mw,z0_p85,4734.73974609375,K cm^-3,"Pth p85, mw-weighted, 0+-30pc slab, +-500pc square, neutral (non-HIM) cells"
HIM_B,mean,n/a,Ptot,vol,z0_median,3886.25732421875,K cm^-3,"Ptot median, vol-weighted, 0+-30pc slab, +-500pc square, neutral (non-HIM) cells"
HIM_B,mean,n/a,Ptot,vol,z0_mean,6483.560675206318,K cm^-3,"Ptot mean, vol-weighted, 0+-30pc slab, +-500pc square, neutral (non-HIM) cells"
HIM_B,mean,n/a,Ptot,vol,z0_p15,1377.588134765625,K cm^-3,"Ptot p15, vol-weighted, 0+-30pc slab, +-500pc square, neutral (non-HIM) cells"
HIM_B,mean,n/a,Ptot,vol,z0_p85,11077.908203125,K cm^-3,"Ptot p85, vol-weighted, 0+-30pc slab, +-500pc square, neutral (non-HIM) cells"
HIM_B,mean,n/a,Ptot,mw,z0_median,5607.3115234375,K cm^-3,"Ptot median, mw-weighted, 0+-30pc slab, +-500pc square, neutral (non-HIM) cells"
HIM_B,mean,n/a,Ptot,mw,z0_mean,8505.715327093496,K cm^-3,"Ptot mean, mw-weighted, 0+-30pc slab, +-500pc square, neutral (non-HIM) cells"
HIM_B,mean,n/a,Ptot,mw,z0_p15,2273.4306640625,K cm^-3,"Ptot p15, mw-weighted, 0+-30pc slab, +-500pc square, neutral (non-HIM) cells"
HIM_B,mean,n/a,Ptot,mw,z0_p85,13973.37109375,K cm^-3,"Ptot p85, mw-weighted, 0+-30pc slab, +-500pc square, neutral (non-HIM) cells"
HIM_B,mean,n/a,alpha,vol,z0_median,1.4753919839859009,dimensionless,"alpha median, vol-weighted, 0+-30pc slab, +-500pc square, neutral (non-HIM) cells"
HIM_B,mean,n/a,alpha,vol,z0_mean,3.031025216212998,dimensionless,"alpha mean, vol-weighted, 0+-30pc slab, +-500pc square, neutral (non-HIM) cells"
HIM_B,mean,n/a,alpha,vol,z0_p15,0.4579481780529022,dimensionless,"alpha p15, vol-weighted, 0+-30pc slab, +-500pc square, neutral (non-HIM) cells"
HIM_B,mean,n/a,alpha,vol,z0_p85,5.1841139793396,dimensionless,"alpha p85, vol-weighted, 0+-30pc slab, +-500pc square, neutral (non-HIM) cells"
HIM_B,mean,n/a,alpha,mw,z0_median,2.6928751468658447,dimensionless,"alpha median, mw-weighted, 0+-30pc slab, +-500pc square, neutral (non-HIM) cells"
HIM_B,mean,n/a,alpha,mw,z0_mean,4.878647819523664,dimensionless,"alpha mean, mw-weighted, 0+-30pc slab, +-500pc square, neutral (non-HIM) cells"
HIM_B,mean,n/a,alpha,mw,z0_p15,0.7018008232116699,dimensionless,"alpha p15, mw-weighted, 0+-30pc slab, +-500pc square, neutral (non-HIM) cells"
HIM_B,mean,n/a,alpha,mw,z0_p85,8.044058799743652,dimensionless,"alpha p85, mw-weighted, 0+-30pc slab, +-500pc square, neutral (non-HIM) cells"
HIM_B,mean,n/a,Pth,vol,z150_median,1457.40966796875,K cm^-3,"Pth median, vol-weighted, 150+-30pc slab, +-500pc square, neutral (non-HIM) cells"
HIM_B,mean,n/a,Pth,vol,z150_mean,1820.5503794142996,K cm^-3,"Pth mean, vol-weighted, 150+-30pc slab, +-500pc square, neutral (non-HIM) cells"
HIM_B,mean,n/a,Pth,vol,z150_p15,864.5088500976562,K cm^-3,"Pth p15, vol-weighted, 150+-30pc slab, +-500pc square, neutral (non-HIM) cells"
HIM_B,mean,n/a,Pth,vol,z150_p85,3053.181640625,K cm^-3,"Pth p85, vol-weighted, 150+-30pc slab, +-500pc square, neutral (non-HIM) cells"
HIM_B,mean,n/a,Pth,mw,z150_median,1412.6505126953125,K cm^-3,"Pth median, mw-weighted, 150+-30pc slab, +-500pc square, neutral (non-HIM) cells"
HIM_B,mean,n/a,Pth,mw,z150_mean,1939.718750718285,K cm^-3,"Pth mean, mw-weighted, 150+-30pc slab, +-500pc square, neutral (non-HIM) cells"
HIM_B,mean,n/a,Pth,mw,z150_p15,871.5074462890625,K cm^-3,"Pth p15, mw-weighted, 150+-30pc slab, +-500pc square, neutral (non-HIM) cells"
HIM_B,mean,n/a,Pth,mw,z150_p85,3444.6416015625,K cm^-3,"Pth p85, mw-weighted, 150+-30pc slab, +-500pc square, neutral (non-HIM) cells"
HIM_B,mean,n/a,Ptot,vol,z150_median,2302.783935546875,K cm^-3,"Ptot median, vol-weighted, 150+-30pc slab, +-500pc square, neutral (non-HIM) cells"
HIM_B,mean,n/a,Ptot,vol,z150_mean,3670.3770040990526,K cm^-3,"Ptot mean, vol-weighted, 150+-30pc slab, +-500pc square, neutral (non-HIM) cells"
HIM_B,mean,n/a,Ptot,vol,z150_p15,898.7236328125,K cm^-3,"Ptot p15, vol-weighted, 150+-30pc slab, +-500pc square, neutral (non-HIM) cells"
HIM_B,mean,n/a,Ptot,vol,z150_p85,5689.34033203125,K cm^-3,"Ptot p85, vol-weighted, 150+-30pc slab, +-500pc square, neutral (non-HIM) cells"
HIM_B,mean,n/a,Ptot,mw,z150_median,4797.75830078125,K cm^-3,"Ptot median, mw-weighted, 150+-30pc slab, +-500pc square, neutral (non-HIM) cells"
HIM_B,mean,n/a,Ptot,mw,z150_mean,10596.038257135999,K cm^-3,"Ptot mean, mw-weighted, 150+-30pc slab, +-500pc square, neutral (non-HIM) cells"
HIM_B,mean,n/a,Ptot,mw,z150_p15,1575.306396484375,K cm^-3,"Ptot p15, mw-weighted, 150+-30pc slab, +-500pc square, neutral (non-HIM) cells"
HIM_B,mean,n/a,Ptot,mw,z150_p85,19994.8046875,K cm^-3,"Ptot p85, mw-weighted, 150+-30pc slab, +-500pc square, neutral (non-HIM) cells"
HIM_B,mean,n/a,alpha,vol,z150_median,1.375800609588623,dimensionless,"alpha median, vol-weighted, 150+-30pc slab, +-500pc square, neutral (non-HIM) cells"
HIM_B,mean,n/a,alpha,vol,z150_mean,2.705540995701416,dimensionless,"alpha mean, vol-weighted, 150+-30pc slab, +-500pc square, neutral (non-HIM) cells"
HIM_B,mean,n/a,alpha,vol,z150_p15,0.578521728515625,dimensionless,"alpha p15, vol-weighted, 150+-30pc slab, +-500pc square, neutral (non-HIM) cells"
HIM_B,mean,n/a,alpha,vol,z150_p85,4.0414719581604,dimensionless,"alpha p85, vol-weighted, 150+-30pc slab, +-500pc square, neutral (non-HIM) cells"
HIM_B,mean,n/a,alpha,mw,z150_median,2.6240971088409424,dimensionless,"alpha median, mw-weighted, 150+-30pc slab, +-500pc square, neutral (non-HIM) cells"
HIM_B,mean,n/a,alpha,mw,z150_mean,9.635300847073106,dimensionless,"alpha mean, mw-weighted, 150+-30pc slab, +-500pc square, neutral (non-HIM) cells"
HIM_B,mean,n/a,alpha,mw,z150_p15,0.6393174529075623,dimensionless,"alpha p15, mw-weighted, 150+-30pc slab, +-500pc square, neutral (non-HIM) cells"
HIM_B,mean,n/a,alpha,mw,z150_p85,21.25945281982422,dimensionless,"alpha p85, mw-weighted, 150+-30pc slab, +-500pc square, neutral (non-HIM) cells"
HIM_B,mean,n/a,Pth,vol,z300_median,1128.3734130859375,K cm^-3,"Pth median, vol-weighted, 300+-30pc slab, +-500pc square, neutral (non-HIM) cells"
HIM_B,mean,n/a,Pth,vol,z300_mean,1482.6995787174285,K cm^-3,"Pth mean, vol-weighted, 300+-30pc slab, +-500pc square, neutral (non-HIM) cells"
HIM_B,mean,n/a,Pth,vol,z300_p15,724.2836303710938,K cm^-3,"Pth p15, vol-weighted, 300+-30pc slab, +-500pc square, neutral (non-HIM) cells"
HIM_B,mean,n/a,Pth,vol,z300_p85,2441.12109375,K cm^-3,"Pth p85, vol-weighted, 300+-30pc slab, +-500pc square, neutral (non-HIM) cells"
HIM_B,mean,n/a,Pth,mw,z300_median,1826.0386962890625,K cm^-3,"Pth median, mw-weighted, 300+-30pc slab, +-500pc square, neutral (non-HIM) cells"
HIM_B,mean,n/a,Pth,mw,z300_mean,2132.072028435048,K cm^-3,"Pth mean, mw-weighted, 300+-30pc slab, +-500pc square, neutral (non-HIM) cells"
HIM_B,mean,n/a,Pth,mw,z300_p15,948.414306640625,K cm^-3,"Pth p15, mw-weighted, 300+-30pc slab, +-500pc square, neutral (non-HIM) cells"
HIM_B,mean,n/a,Pth,mw,z300_p85,3608.3740234375,K cm^-3,"Pth p85, mw-weighted, 300+-30pc slab, +-500pc square, neutral (non-HIM) cells"
HIM_B,mean,n/a,Ptot,vol,z300_median,1589.9439697265625,K cm^-3,"Ptot median, vol-weighted, 300+-30pc slab, +-500pc square, neutral (non-HIM) cells"
HIM_B,mean,n/a,Ptot,vol,z300_mean,2175.1240941698397,K cm^-3,"Ptot mean, vol-weighted, 300+-30pc slab, +-500pc square, neutral (non-HIM) cells"
HIM_B,mean,n/a,Ptot,vol,z300_p15,666.625732421875,K cm^-3,"Ptot p15, vol-weighted, 300+-30pc slab, +-500pc square, neutral (non-HIM) cells"
HIM_B,mean,n/a,Ptot,vol,z300_p85,3709.144775390625,K cm^-3,"Ptot p85, vol-weighted, 300+-30pc slab, +-500pc square, neutral (non-HIM) cells"
HIM_B,mean,n/a,Ptot,mw,z300_median,2454.40966796875,K cm^-3,"Ptot median, mw-weighted, 300+-30pc slab, +-500pc square, neutral (non-HIM) cells"
HIM_B,mean,n/a,Ptot,mw,z300_mean,3274.212705454429,K cm^-3,"Ptot mean, mw-weighted, 300+-30pc slab, +-500pc square, neutral (non-HIM) cells"
HIM_B,mean,n/a,Ptot,mw,z300_p15,915.7396850585938,K cm^-3,"Ptot p15, mw-weighted, 300+-30pc slab, +-500pc square, neutral (non-HIM) cells"
HIM_B,mean,n/a,Ptot,mw,z300_p85,5764.14306640625,K cm^-3,"Ptot p85, mw-weighted, 300+-30pc slab, +-500pc square, neutral (non-HIM) cells"
HIM_B,mean,n/a,alpha,vol,z300_median,1.176880121231079,dimensionless,"alpha median, vol-weighted, 300+-30pc slab, +-500pc square, neutral (non-HIM) cells"
HIM_B,mean,n/a,alpha,vol,z300_mean,1.7147056656897373,dimensionless,"alpha mean, vol-weighted, 300+-30pc slab, +-500pc square, neutral (non-HIM) cells"
HIM_B,mean,n/a,alpha,vol,z300_p15,0.5969181656837463,dimensionless,"alpha p15, vol-weighted, 300+-30pc slab, +-500pc square, neutral (non-HIM) cells"
HIM_B,mean,n/a,alpha,vol,z300_p85,2.936481475830078,dimensionless,"alpha p85, vol-weighted, 300+-30pc slab, +-500pc square, neutral (non-HIM) cells"
HIM_B,mean,n/a,alpha,mw,z300_median,1.1797341108322144,dimensionless,"alpha median, mw-weighted, 300+-30pc slab, +-500pc square, neutral (non-HIM) cells"
HIM_B,mean,n/a,alpha,mw,z300_mean,1.8568113302774976,dimensionless,"alpha mean, mw-weighted, 300+-30pc slab, +-500pc square, neutral (non-HIM) cells"
HIM_B,mean,n/a,alpha,mw,z300_p15,0.5662698745727539,dimensionless,"alpha p15, mw-weighted, 300+-30pc slab, +-500pc square, neutral (non-HIM) cells"
HIM_B,mean,n/a,alpha,mw,z300_p85,3.223738431930542,dimensionless,"alpha p85, mw-weighted, 300+-30pc slab, +-500pc square, neutral (non-HIM) cells"
HIM_B,mean,n/a,Pth,vol,box_median,1764.2626953125,K cm^-3,"Pth median, vol-weighted, STATS_BOX (|x|,|y|<=500, |z|<=400pc), neutral (non-HIM) cells"
HIM_B,mean,n/a,Pth,vol,box_mean,2249.9539798054475,K cm^-3,"Pth mean, vol-weighted, STATS_BOX (|x|,|y|<=500, |z|<=400pc), neutral (non-HIM) cells"
HIM_B,mean,n/a,Pth,vol,box_p15,933.6459350585938,K cm^-3,"Pth p15, vol-weighted, STATS_BOX (|x|,|y|<=500, |z|<=400pc), neutral (non-HIM) cells"
HIM_B,mean,n/a,Pth,vol,box_p85,3839.274658203125,K cm^-3,"Pth p85, vol-weighted, STATS_BOX (|x|,|y|<=500, |z|<=400pc), neutral (non-HIM) cells"
HIM_B,mean,n/a,Pth,mw,box_median,1978.4345703125,K cm^-3,"Pth median, mw-weighted, STATS_BOX (|x|,|y|<=500, |z|<=400pc), neutral (non-HIM) cells"
HIM_B,mean,n/a,Pth,mw,box_mean,2552.2493051731876,K cm^-3,"Pth mean, mw-weighted, STATS_BOX (|x|,|y|<=500, |z|<=400pc), neutral (non-HIM) cells"
HIM_B,mean,n/a,Pth,mw,box_p15,1056.1085205078125,K cm^-3,"Pth p15, mw-weighted, STATS_BOX (|x|,|y|<=500, |z|<=400pc), neutral (non-HIM) cells"
HIM_B,mean,n/a,Pth,mw,box_p85,4293.751953125,K cm^-3,"Pth p85, mw-weighted, STATS_BOX (|x|,|y|<=500, |z|<=400pc), neutral (non-HIM) cells"
HIM_B,mean,n/a,Ptot,vol,box_median,2419.91162109375,K cm^-3,"Ptot median, vol-weighted, STATS_BOX (|x|,|y|<=500, |z|<=400pc), neutral (non-HIM) cells"
HIM_B,mean,n/a,Ptot,vol,box_mean,4693.71776552184,K cm^-3,"Ptot mean, vol-weighted, STATS_BOX (|x|,|y|<=500, |z|<=400pc), neutral (non-HIM) cells"
HIM_B,mean,n/a,Ptot,vol,box_p15,856.5201416015625,K cm^-3,"Ptot p15, vol-weighted, STATS_BOX (|x|,|y|<=500, |z|<=400pc), neutral (non-HIM) cells"
HIM_B,mean,n/a,Ptot,vol,box_p85,7940.13037109375,K cm^-3,"Ptot p85, vol-weighted, STATS_BOX (|x|,|y|<=500, |z|<=400pc), neutral (non-HIM) cells"
HIM_B,mean,n/a,Ptot,mw,box_median,5694.859375,K cm^-3,"Ptot median, mw-weighted, STATS_BOX (|x|,|y|<=500, |z|<=400pc), neutral (non-HIM) cells"
HIM_B,mean,n/a,Ptot,mw,box_mean,9850.554224134386,K cm^-3,"Ptot mean, mw-weighted, STATS_BOX (|x|,|y|<=500, |z|<=400pc), neutral (non-HIM) cells"
HIM_B,mean,n/a,Ptot,mw,box_p15,1883.6495361328125,K cm^-3,"Ptot p15, mw-weighted, STATS_BOX (|x|,|y|<=500, |z|<=400pc), neutral (non-HIM) cells"
HIM_B,mean,n/a,Ptot,mw,box_p85,17579.431640625,K cm^-3,"Ptot p85, mw-weighted, STATS_BOX (|x|,|y|<=500, |z|<=400pc), neutral (non-HIM) cells"
HIM_B,mean,n/a,alpha,vol,box_median,1.2211341857910156,dimensionless,"alpha median, vol-weighted, STATS_BOX (|x|,|y|<=500, |z|<=400pc), neutral (non-HIM) cells"
HIM_B,mean,n/a,alpha,vol,box_mean,2.578729155540047,dimensionless,"alpha mean, vol-weighted, STATS_BOX (|x|,|y|<=500, |z|<=400pc), neutral (non-HIM) cells"
HIM_B,mean,n/a,alpha,vol,box_p15,0.5417150259017944,dimensionless,"alpha p15, vol-weighted, STATS_BOX (|x|,|y|<=500, |z|<=400pc), neutral (non-HIM) cells"
HIM_B,mean,n/a,alpha,vol,box_p85,4.153956413269043,dimensionless,"alpha p85, vol-weighted, STATS_BOX (|x|,|y|<=500, |z|<=400pc), neutral (non-HIM) cells"
HIM_B,mean,n/a,alpha,mw,box_median,2.7457258701324463,dimensionless,"alpha median, mw-weighted, STATS_BOX (|x|,|y|<=500, |z|<=400pc), neutral (non-HIM) cells"
HIM_B,mean,n/a,alpha,mw,box_mean,6.068893991054522,dimensionless,"alpha mean, mw-weighted, STATS_BOX (|x|,|y|<=500, |z|<=400pc), neutral (non-HIM) cells"
HIM_B,mean,n/a,alpha,mw,box_p15,0.6611128449440002,dimensionless,"alpha p15, mw-weighted, STATS_BOX (|x|,|y|<=500, |z|<=400pc), neutral (non-HIM) cells"
HIM_B,mean,n/a,alpha,mw,box_p85,10.94744873046875,dimensionless,"alpha p85, mw-weighted, STATS_BOX (|x|,|y|<=500, |z|<=400pc), neutral (non-HIM) cells"
HIM_B,mean,n/a,Mach,vol,midplane,2.4429445995848242,dimensionless,"Mach number at the z=0 plane, from volume-weighted mean alpha, neutral cells"
HIM_B,mean,n/a,sigma_eff,vol,midplane,14.3077174208794,km/s,"Effective turbulent velocity dispersion at the z=0 plane, neutral cells, all neutral phases"
